{"stats":{"minecraft:custom":{"minecraft:jump":118,"minecraft:time_since_rest":1,"minecraft:walk_on_water_one_cm":184,"minecraft:damage_taken":276,"lootr:looted_stat":1,"minecraft:crouch_one_cm":120,"minecraft:sprint_one_cm":7966,"minecraft:leave_game":2,"minecraft:play_time":4648,"minecraft:deaths":2,"minecraft:time_since_death":34,"minecraft:walk_one_cm":13278,"minecraft:sneak_time":20,"minecraft:total_world_time":4648,"minecraft:drop":4,"minecraft:fall_one_cm":4816,"minecraft:fly_one_cm":21193},"minecraft:picked_up":{"minecraft:rotten_flesh":1,"minecraft:sugar_cane":4},"minecraft:dropped":{"minecraft:rotten_flesh":1,"minecraft:sugar_cane":3},"minecraft:mined":{"minecraft:sugar_cane":1}},"DataVersion":3465}