{"stats":{"minecraft:killed_by":{"minecraft:skeleton":3,"minecraft:creeper":1,"minecraft:zombie":1},"minecraft:custom":{"lootr:looted_stat":2,"minecraft:mob_kills":30,"minecraft:interact_with_crafting_table":18,"minecraft:leave_game":6,"minecraft:time_since_death":515,"minecraft:sleep_in_bed":2,"minecraft:damage_resisted":4,"minecraft:time_since_rest":58,"minecraft:waystone_activated":1,"minecraft:sprint_one_cm":111661,"minecraft:damage_taken":2285,"minecraft:walk_one_cm":216435,"minecraft:drop":8,"minecraft:damage_dealt":5401,"minecraft:fly_one_cm":236516,"minecraft:open_chest":2,"minecraft:crouch_one_cm":387,"minecraft:play_time":60630,"tombstone:undead_killed":15,"minecraft:deaths":7,"minecraft:sneak_time":299,"minecraft:jump":1756,"minecraft:walk_on_water_one_cm":184,"minecraft:interact_with_smoker":6,"minecraft:total_world_time":60630,"minecraft:fall_one_cm":36358},"minecraft:killed":{"minecraft:pig":7,"minecraft:zombie_villager":1,"minecraft:iron_golem":1,"minecraft:creeper":2,"minecraft:sheep":3,"minecraft:zombie":14,"minecraft:chicken":1,"minecraft:cow":1},"minecraft:crafted":{"minecraft:cooked_porkchop":7,"minecraft:crafting_table":1,"minecraft:wooden_pickaxe":1,"minecraft:cooked_chicken":1,"minecraft:furnace":1,"minecraft:birch_planks":24,"minecraft:stone_axe":1,"minecraft:cooked_mutton":5,"minecraft:air":0,"minecraft:stick":8,"minecraft:iron_pickaxe":1,"minecraft:stone_pickaxe":1,"minecraft:wooden_axe":1,"minecraft:torch":4,"minecraft:smoker":1},"minecraft:dropped":{"minecraft:sugar_cane":3,"minecraft:rotten_flesh":1,"tombstone:grave_key":1,"minecraft:wooden_axe":1,"minecraft:stone_pickaxe":1,"minecraft:wooden_pickaxe":1},"minecraft:broken":{"minecraft:stone_axe":1},"minecraft:mined":{"minecraft:white_bed":4,"minecraft:smoker":2,"minecraft:dandelion":2,"minecraft:crafting_table":4,"minecraft:torch":1,"minecraft:emerald_ore":2,"minecraft:grass_block":5,"minecraft:cobblestone":3,"minecraft:sugar_cane":1,"minecraft:birch_log":7,"minecraft:birch_leaves":3,"minecraft:pumpkin":4,"minecraft:grass":8,"minecraft:oak_log":11,"minecraft:pointed_dripstone":1,"minecraft:coal_ore":45,"minecraft:gravel":7,"minecraft:dirt":7,"minecraft:stone":73,"minecraft:oak_leaves":4},"minecraft:used":{"minecraft:cooked_mutton":5,"minecraft:stone_pickaxe":123,"minecraft:wooden_pickaxe":3,"minecraft:torch":1,"minecraft:crafting_table":6,"minecraft:white_bed":3,"minecraft:smoker":2,"minecraft:wooden_axe":18,"minecraft:bread":1,"minecraft:birch_sapling":1,"minecraft:iron_pickaxe":2,"minecraft:gravel":5,"minecraft:stone_axe":76,"minecraft:cobblestone":3,"minecraft:cooked_porkchop":5,"tombstone:gift":4,"minecraft:dandelion":1},"minecraft:picked_up":{"minecraft:birch_log":7,"minecraft:crafting_table":5,"minecraft:chicken":1,"minecraft:smoker":2,"minecraft:oak_log":10,"minecraft:gunpowder":1,"minecraft:dirt":12,"minecraft:stone_pickaxe":1,"minecraft:beef":1,"minecraft:iron_ingot":3,"minecraft:sugar_cane":4,"minecraft:birch_sapling":1,"minecraft:egg":3,"minecraft:stick":3,"minecraft:pumpkin":4,"minecraft:torch":1,"minecraft:dandelion":1,"minecraft:gravel":7,"minecraft:porkchop":12,"tombstone:grave_dust":4,"minecraft:pointed_dripstone":3,"minecraft:white_bed":4,"minecraft:arrow":1,"minecraft:rotten_flesh":14,"minecraft:emerald":2,"tombstone:magic_scroll":2,"minecraft:mutton":5,"minecraft:coal":45,"minecraft:white_wool":3,"minecraft:cobblestone":99}},"DataVersion":3465}