{"stats":{"minecraft:used":{"minecraft:iron_shovel":505,"minecraft:ladder":1,"minecraft:oak_sign":1,"minecraft:chest":16,"minecraft:shield":83,"minecraft:iron_sword":112,"minecraft:bell":3,"minecraft:iron_chestplate":1,"securitycraft:keypad_item":3,"minecraft:tuff":23,"minecraft:axolotl_bucket":3,"minecraft:snowball":1,"minecraft:spruce_boat":2,"minecraft:glass":72,"minecraft:birch_sapling":1,"minecraft:item_frame":1,"minecraft:sweet_berries":30,"minecraft:furnace":7,"minecraft:oak_sapling":3,"minecraft:potato":272,"minecraft:diorite":13,"minecraft:oak_planks":98,"minecraft:stone_pickaxe":393,"minecraft:wooden_pickaxe":9,"minecraft:sandstone":2,"securitycraft:keypad_frame":1,"minecraft:composter":2,"minecraft:sugar_cane":2,"minecraft:golden_apple":3,"minecraft:glow_berries":25,"minecraft:sand":8,"minecraft:pitcher_pod":1,"minecraft:blast_furnace":8,"securitycraft:universal_block_remover":5,"waystones:waystone":6,"minecraft:bread":21,"minecraft:spore_blossom":5,"minecraft:iron_door":1,"minecraft:gravel":8,"minecraft:andesite":9,"minecraft:oak_boat":1,"minecraft:coarse_dirt":1,"minecraft:bone_meal":67,"minecraft:azalea":7,"minecraft:flint_and_steel":2,"minecraft:enchanting_table":3,"minecraft:stone_sword":525,"minecraft:tropical_fish":4,"securitycraft:keypad_chest":3,"minecraft:stone_shovel":818,"minecraft:spruce_planks":18,"securitycraft:keypad_door_item":1,"minecraft:cooked_salmon":14,"minecraft:cooked_chicken":2,"minecraft:stone_hoe":275,"minecraft:netherrack":20,"minecraft:torch":299,"minecraft:dirt":1706,"minecraft:anvil":3,"minecraft:white_carpet":3,"minecraft:spruce_fence":9,"minecraft:granite":9,"minecraft:wooden_axe":40,"minecraft:flowering_azalea":7,"minecraft:iron_axe":35,"minecraft:glowstone":9,"minecraft:basalt":15,"minecraft:pitcher_plant":2,"tombstone:gift":8,"minecraft:cooked_beef":24,"minecraft:cobbled_deepslate":179,"minecraft:cooked_mutton":32,"minecraft:water_bucket":56,"minecraft:cobblestone_stairs":28,"minecraft:baked_potato":34,"minecraft:stonecutter":1,"minecraft:crafting_table":27,"minecraft:spider_eye":2,"minecraft:white_bed":9,"minecraft:smoker":10,"tombstone:bag_of_seeds":2,"minecraft:oak_log":2,"minecraft:diamond_pickaxe":1826,"minecraft:apple":1,"minecraft:diamond_shovel":417,"minecraft:iron_pickaxe":232,"minecraft:stone_axe":205,"minecraft:cobblestone":645,"minecraft:cooked_porkchop":53,"minecraft:bucket":61,"minecraft:yellow_bed":4,"minecraft:pumpkin_pie":8,"minecraft:dandelion":3},"minecraft:crafted":{"minecraft:oak_planks":212,"minecraft:smooth_stone":6,"minecraft:oak_sign":3,"minecraft:cooked_chicken":2,"usefulbackpacks:backpack_small":2,"minecraft:stone":22,"minecraft:cobblestone_stairs":60,"securitycraft:keypad_item":2,"minecraft:heavy_weighted_pressure_plate":2,"minecraft:cooked_mutton":32,"securitycraft:laser_block":1,"minecraft:glass":80,"minecraft:chest":8,"minecraft:iron_door":3,"minecraft:stone_hoe":3,"securitycraft:keypad_door_item":1,"minecraft:raw_iron_block":4,"minecraft:smoker":3,"minecraft:item_frame":1,"minecraft:cooked_porkchop":53,"minecraft:crafting_table":10,"minecraft:spruce_planks":100,"securitycraft:reinforced_stone_button":16,"minecraft:baked_potato":122,"minecraft:wooden_pickaxe":2,"minecraft:iron_helmet":1,"minecraft:copper_ingot":11,"minecraft:birch_planks":32,"minecraft:iron_chestplate":1,"minecraft:book":1,"minecraft:yellow_dye":1,"minecraft:shield":2,"minecraft:stick":140,"usefulbackpacks:backpack_large":3,"minecraft:iron_ingot":154,"minecraft:iron_pickaxe":2,"minecraft:iron_block":3,"minecraft:stone_sword":6,"minecraft:snow_block":6,"minecraft:gold_ingot":48,"minecraft:shears":1,"securitycraft:universal_block_reinforcer_lvl1":1,"minecraft:raw_iron":117,"minecraft:stone_shovel":9,"minecraft:furnace":8,"minecraft:blast_furnace":2,"minecraft:bone_meal":72,"minecraft:spruce_fence":3,"securitycraft:keypad_frame":1,"minecraft:glass_pane":16,"minecraft:ladder":3,"securitycraft:universal_block_remover":1,"minecraft:stone_pickaxe":8,"usefulbackpacks:backpack_medium":2,"minecraft:spruce_boat":1,"minecraft:redstone_block":1,"minecraft:cooked_beef":24,"minecraft:enchanting_table":1,"minecraft:iron_sword":1,"minecraft:cooked_salmon":14,"minecraft:bucket":5,"minecraft:stone_axe":3,"minecraft:glowstone":10,"minecraft:air":0,"minecraft:oak_boat":1,"securitycraft:door_indestructible_iron_item":1,"minecraft:wooden_axe":2,"minecraft:iron_shovel":2,"minecraft:iron_leggings":1,"minecraft:anvil":1,"minecraft:white_bed":1,"minecraft:torch":196},"minecraft:dropped":{"minecraft:iron_sword":1,"minecraft:diamond":3,"minecraft:crafting_table":2,"artifacts:cloud_in_a_bottle":1,"artifacts:vampiric_glove":1,"minecraft:dirt":2,"securitycraft:reinforced_dirt":4,"minecraft:stone_axe":2,"minecraft:sugar_cane":15,"minecraft:cobbled_deepslate":1,"minecraft:rotten_flesh":22,"minecraft:oak_planks":6,"minecraft:carrot":3,"minecraft:gunpowder":1,"minecraft:arrow":4,"minecraft:netherrack":1,"minecraft:wheat_seeds":2,"minecraft:poisonous_potato":1,"minecraft:feather":1,"artifacts:whoopee_cushion":1,"minecraft:grass_block":1,"minecraft:stick":2,"tombstone:grave_key":2,"minecraft:wooden_axe":1,"tombstone:grave_dust":1,"minecraft:spruce_sapling":4,"minecraft:redstone":5,"minecraft:sweet_berries":7,"minecraft:stone_sword":1,"minecraft:tuff":1,"minecraft:spruce_planks":2,"minecraft:oak_sapling":1,"artifacts:pickaxe_heater":1,"minecraft:spider_eye":2,"minecraft:stone_pickaxe":2,"minecraft:wooden_pickaxe":3},"minecraft:broken":{"minecraft:iron_shovel":2,"minecraft:stone_pickaxe":2,"minecraft:stone_axe":1,"minecraft:stone_shovel":5,"minecraft:stone_sword":3,"minecraft:stone_hoe":1,"minecraft:shield":1},"minecraft:killed_by":{"minecraft:creeper":2,"minecraft:zombie":4,"minecraft:enderman":3,"minecraft:skeleton":7},"minecraft:mined":{"minecraft:large_amethyst_bud":1,"minecraft:spruce_planks":10,"minecraft:white_bed":8,"minecraft:farmland":112,"minecraft:cobblestone_stairs":1,"minecraft:obsidian":13,"minecraft:cave_vines_plant":3,"minecraft:granite":9,"minecraft:budding_amethyst":5,"minecraft:grass_block":892,"minecraft:composter":2,"minecraft:spawner":3,"minecraft:magma_block":1,"minecraft:raw_iron_block":1,"minecraft:glowstone":12,"minecraft:fire":2,"minecraft:cobbled_deepslate":2,"minecraft:iron_ore":49,"minecraft:pumpkin":11,"minecraft:anvil":2,"minecraft:enchanting_table":2,"minecraft:pointed_dripstone":4,"minecraft:cave_vines":4,"minecraft:dirt_path":1,"minecraft:deepslate_redstone_ore":11,"minecraft:brown_mushroom":11,"minecraft:blackstone":1,"minecraft:smoker":7,"minecraft:amethyst_cluster":2,"minecraft:clay":1,"minecraft:torch":44,"minecraft:blast_furnace":6,"minecraft:calcite":1,"minecraft:chest":8,"minecraft:cobblestone":17,"minecraft:oak_planks":15,"minecraft:sugar_cane":8,"minecraft:iron_door":1,"minecraft:wall_torch":8,"minecraft:amethyst_block":64,"minecraft:birch_log":8,"minecraft:pitcher_plant":1,"minecraft:grass":161,"minecraft:oak_log":73,"minecraft:sand":80,"minecraft:dirt":762,"minecraft:stonecutter":1,"minecraft:netherrack":28,"minecraft:oak_leaves":11,"minecraft:deepslate":308,"minecraft:tuff":27,"minecraft:deepslate_diamond_ore":21,"minecraft:spruce_fence":8,"minecraft:spruce_leaves":9,"minecraft:moss_block":27,"minecraft:sandstone":2,"minecraft:spore_blossom":10,"minecraft:redstone_ore":1,"minecraft:furnace":4,"minecraft:carrots":1,"minecraft:snow":2,"minecraft:andesite":9,"minecraft:bell":2,"minecraft:potatoes":120,"minecraft:deepslate_iron_ore":46,"minecraft:vine":1,"minecraft:stone":1459,"minecraft:flowering_azalea":4,"minecraft:basalt":64,"minecraft:dandelion":5,"minecraft:crafting_table":17,"minecraft:emerald_ore":4,"minecraft:tall_grass":15,"minecraft:copper_ore":4,"minecraft:deepslate_gold_ore":81,"minecraft:diorite":13,"minecraft:blue_bed":1,"minecraft:coarse_dirt":1,"minecraft:sweet_berry_bush":22,"minecraft:white_carpet":3,"minecraft:spruce_log":33,"minecraft:birch_leaves":3,"minecraft:yellow_bed":5,"minecraft:coal_ore":137,"minecraft:pitcher_crop":1,"minecraft:gravel":14,"minecraft:dripstone_block":1,"minecraft:cobweb":10,"minecraft:gold_ore":5,"minecraft:fern":2},"minecraft:killed":{"minecraft:cave_spider":1,"minecraft:witch":1,"minecraft:spider":26,"minecraft:skeleton":18,"minecraft:chicken":2,"minecraft:pig":28,"minecraft:zombie_villager":2,"minecraft:salmon":15,"minecraft:iron_golem":1,"minecraft:creeper":9,"minecraft:sheep":22,"minecraft:trader_llama":4,"minecraft:goat":1,"minecraft:zombie":80,"minecraft:donkey":3,"minecraft:stray":1,"minecraft:cow":12,"minecraft:horse":5,"minecraft:drowned":1,"minecraft:enderman":3},"minecraft:custom":{"lootr:looted_stat":42,"minecraft:interact_with_crafting_table":143,"minecraft:leave_game":15,"minecraft:time_since_death":235840,"minecraft:damage_resisted":26,"minecraft:sprint_one_cm":1588570,"minecraft:damage_blocked_by_shield":4526,"minecraft:drop":61,"minecraft:talked_to_villager":6,"minecraft:play_time":723498,"minecraft:deaths":21,"minecraft:jump":16443,"minecraft:walk_on_water_one_cm":42918,"minecraft:interact_with_furnace":75,"minecraft:sleep_in_bed":14,"minecraft:waystone_activated":10,"minecraft:damage_dealt":40016,"minecraft:crouch_one_cm":56611,"tombstone:undead_killed":102,"minecraft:interact_with_smoker":79,"minecraft:horse_one_cm":2251013,"minecraft:mob_kills":243,"minecraft:interact_with_anvil":4,"minecraft:climb_one_cm":1713,"minecraft:walk_one_cm":2037489,"minecraft:sneak_time":13572,"minecraft:walk_under_water_one_cm":25464,"minecraft:boat_one_cm":56250,"minecraft:interact_with_blast_furnace":39,"minecraft:total_world_time":723498,"tombstone:raider_killed":1,"minecraft:time_since_rest":51984,"minecraft:damage_taken":16795,"minecraft:damage_absorbed":50,"minecraft:swim_one_cm":61463,"minecraft:fly_one_cm":2854385,"minecraft:open_chest":234,"minecraft:fall_one_cm":447953},"minecraft:picked_up":{"minecraft:wooden_axe":2,"securitycraft:keypad_item":2,"minecraft:anvil":2,"minecraft:lead":16,"minecraft:enchanted_book":6,"minecraft:golden_shovel":2,"minecraft:amethyst_block":60,"minecraft:string":37,"minecraft:raw_copper":11,"securitycraft:reinforced_dirt":4,"minecraft:cobbled_deepslate":311,"minecraft:spruce_planks":18,"minecraft:calcite":1,"minecraft:azalea":7,"minecraft:iron_pickaxe":2,"minecraft:furnace":4,"minecraft:stick":36,"minecraft:composter":2,"minecraft:big_dripleaf":1,"minecraft:torch":61,"minecraft:porkchop":54,"minecraft:pointed_dripstone":14,"tombstone:grave_dust":18,"minecraft:diorite":13,"minecraft:stone_sword":1,"minecraft:rotten_flesh":78,"minecraft:tropical_fish":4,"minecraft:obsidian":13,"minecraft:snowball":25,"minecraft:cobblestone":1516,"minecraft:birch_log":8,"minecraft:enchanting_table":2,"minecraft:magma_block":1,"minecraft:feather":4,"minecraft:iron_door":1,"minecraft:andesite":9,"minecraft:brown_wool":4,"minecraft:smoker":8,"minecraft:potato":456,"minecraft:flint":2,"minecraft:tuff":27,"artifacts:pickaxe_heater":1,"minecraft:dirt":2195,"minecraft:leather_boots":1,"minecraft:bone":37,"minecraft:stonecutter":1,"minecraft:bow":8,"minecraft:wheat_seeds":79,"minecraft:raw_gold":20,"minecraft:bell":3,"minecraft:glowstone_dust":40,"minecraft:moss_block":28,"minecraft:oak_planks":21,"minecraft:poisonous_potato":3,"minecraft:sand":80,"minecraft:grass_block":2,"securitycraft:reinforced_stone":16,"minecraft:bundle":2,"minecraft:diamond":72,"minecraft:spruce_boat":2,"waystones:waystone":8,"minecraft:crossbow":2,"minecraft:granite":9,"minecraft:emerald":13,"minecraft:oak_sapling":26,"minecraft:light_gray_carpet":3,"minecraft:netherrack":28,"minecraft:diamond_pickaxe":1,"minecraft:crafting_table":20,"minecraft:coarse_dirt":1,"minecraft:chicken":2,"minecraft:ladder":2,"minecraft:clay_ball":17,"minecraft:golden_pickaxe":2,"minecraft:brown_mushroom":30,"minecraft:wooden_pickaxe":1,"minecraft:iron_axe":14,"minecraft:white_carpet":3,"minecraft:item_frame":1,"minecraft:blackstone":1,"minecraft:beef":24,"minecraft:oak_boat":1,"minecraft:light_gray_wool":2,"minecraft:sugar_cane":18,"minecraft:chest":8,"minecraft:birch_sapling":1,"minecraft:egg":38,"minecraft:raw_iron":66,"minecraft:sandstone":2,"minecraft:copper_ingot":33,"minecraft:bowl":1,"minecraft:spruce_fence":8,"minecraft:carrot":6,"minecraft:redstone":110,"minecraft:stone_shovel":3,"minecraft:arrow":32,"minecraft:gold_ingot":283,"minecraft:glow_berries":3,"minecraft:mutton":32,"minecraft:white_wool":67,"minecraft:basalt":64,"minecraft:salmon":14,"minecraft:leather":23,"minecraft:birch_planks":2,"minecraft:oak_log":70,"minecraft:gunpowder":10,"securitycraft:keypad_chest":3,"minecraft:yellow_bed":5,"artifacts:cloud_in_a_bottle":1,"minecraft:cobblestone_stairs":2,"minecraft:blue_bed":1,"minecraft:apple":3,"minecraft:spore_blossom":10,"artifacts:whoopee_cushion":1,"minecraft:iron_ingot":207,"minecraft:stone_pickaxe":5,"tombstone:bag_of_seeds":1,"minecraft:iron_sword":1,"minecraft:flowering_azalea":8,"minecraft:pitcher_plant":2,"minecraft:pumpkin":30,"minecraft:sweet_berries":33,"minecraft:dandelion":7,"minecraft:raw_iron_block":1,"minecraft:dripstone_block":1,"minecraft:gravel":13,"minecraft:amethyst_shard":24,"minecraft:spruce_sapling":5,"minecraft:blast_furnace":6,"minecraft:white_bed":8,"minecraft:spruce_log":40,"minecraft:spider_eye":7,"minecraft:stone_axe":9,"minecraft:gray_wool":2,"securitycraft:keypad":1,"tombstone:magic_scroll":4,"minecraft:coal":291,"minecraft:ender_pearl":1}},"DataVersion":3465}