{"stats":{"minecraft:custom":{"lootr:looted_stat":40,"minecraft:interact_with_crafting_table":124,"minecraft:leave_game":12,"minecraft:time_since_death":15966,"minecraft:damage_resisted":26,"minecraft:sprint_one_cm":1299829,"minecraft:damage_blocked_by_shield":3566,"minecraft:drop":53,"minecraft:talked_to_villager":5,"minecraft:play_time":503624,"minecraft:deaths":21,"minecraft:jump":13043,"minecraft:walk_on_water_one_cm":27615,"minecraft:interact_with_furnace":47,"minecraft:sleep_in_bed":10,"minecraft:waystone_activated":6,"minecraft:damage_dealt":34699,"minecraft:crouch_one_cm":33693,"tombstone:undead_killed":88,"minecraft:interact_with_smoker":60,"minecraft:horse_one_cm":12490,"minecraft:mob_kills":218,"minecraft:interact_with_anvil":2,"minecraft:climb_one_cm":1061,"minecraft:walk_one_cm":1424828,"minecraft:sneak_time":7639,"minecraft:walk_under_water_one_cm":21970,"minecraft:boat_one_cm":49320,"minecraft:interact_with_blast_furnace":34,"minecraft:total_world_time":503624,"tombstone:raider_killed":1,"minecraft:time_since_rest":14914,"minecraft:damage_taken":15240,"minecraft:damage_absorbed":40,"minecraft:swim_one_cm":56059,"minecraft:fly_one_cm":2293860,"minecraft:open_chest":140,"minecraft:fall_one_cm":365762},"minecraft:picked_up":{"minecraft:wooden_axe":2,"minecraft:lead":2,"minecraft:golden_shovel":1,"minecraft:amethyst_block":60,"minecraft:string":34,"minecraft:raw_copper":11,"minecraft:cobbled_deepslate":309,"minecraft:spruce_planks":18,"minecraft:calcite":1,"minecraft:azalea":7,"minecraft:furnace":2,"minecraft:stick":36,"minecraft:big_dripleaf":1,"minecraft:torch":39,"minecraft:porkchop":54,"tombstone:grave_dust":18,"minecraft:pointed_dripstone":14,"minecraft:diorite":13,"minecraft:stone_sword":1,"minecraft:rotten_flesh":66,"minecraft:tropical_fish":4,"minecraft:obsidian":11,"minecraft:cobblestone":475,"minecraft:birch_log":8,"minecraft:feather":4,"minecraft:andesite":9,"minecraft:smoker":6,"minecraft:potato":95,"minecraft:flint":2,"minecraft:tuff":27,"artifacts:pickaxe_heater":1,"minecraft:dirt":1770,"minecraft:bone":27,"minecraft:bow":8,"minecraft:wheat_seeds":40,"minecraft:raw_gold":20,"minecraft:bell":1,"minecraft:moss_block":28,"minecraft:poisonous_potato":1,"securitycraft:reinforced_stone":8,"minecraft:bundle":2,"minecraft:diamond":36,"minecraft:spruce_boat":2,"waystones:waystone":6,"minecraft:crossbow":2,"minecraft:granite":9,"minecraft:emerald":5,"minecraft:oak_sapling":26,"minecraft:light_gray_carpet":3,"minecraft:netherrack":1,"minecraft:diamond_pickaxe":1,"minecraft:crafting_table":17,"minecraft:chicken":2,"minecraft:ladder":2,"minecraft:clay_ball":17,"minecraft:golden_pickaxe":1,"minecraft:brown_mushroom":30,"minecraft:wooden_pickaxe":1,"minecraft:iron_axe":9,"minecraft:beef":16,"minecraft:sugar_cane":18,"minecraft:chest":6,"minecraft:birch_sapling":1,"minecraft:egg":18,"minecraft:raw_iron":66,"minecraft:copper_ingot":22,"minecraft:bowl":1,"minecraft:carrot":3,"minecraft:redstone":61,"minecraft:stone_shovel":3,"minecraft:arrow":23,"minecraft:gold_ingot":116,"minecraft:mutton":32,"minecraft:glow_berries":3,"minecraft:white_wool":26,"minecraft:salmon":14,"minecraft:leather":16,"minecraft:birch_planks":2,"minecraft:oak_log":68,"artifacts:cloud_in_a_bottle":1,"minecraft:yellow_bed":5,"minecraft:gunpowder":10,"minecraft:cobblestone_stairs":1,"minecraft:apple":3,"minecraft:spore_blossom":5,"artifacts:whoopee_cushion":1,"minecraft:iron_ingot":84,"minecraft:stone_pickaxe":5,"minecraft:flowering_azalea":5,"minecraft:pumpkin":30,"minecraft:sweet_berries":33,"minecraft:dandelion":3,"minecraft:raw_iron_block":1,"minecraft:dripstone_block":1,"minecraft:gravel":12,"minecraft:amethyst_shard":24,"minecraft:spruce_sapling":4,"minecraft:blast_furnace":4,"minecraft:white_bed":5,"minecraft:spruce_log":40,"minecraft:spider_eye":7,"minecraft:stone_axe":9,"tombstone:magic_scroll":2,"minecraft:coal":159,"minecraft:ender_pearl":1},"minecraft:dropped":{"minecraft:diamond":3,"minecraft:crafting_table":2,"artifacts:cloud_in_a_bottle":1,"artifacts:vampiric_glove":1,"minecraft:dirt":1,"minecraft:stone_axe":2,"minecraft:sugar_cane":15,"minecraft:cobbled_deepslate":1,"minecraft:rotten_flesh":22,"minecraft:oak_planks":6,"minecraft:carrot":3,"minecraft:gunpowder":1,"minecraft:arrow":4,"minecraft:netherrack":1,"minecraft:wheat_seeds":2,"minecraft:feather":1,"artifacts:whoopee_cushion":1,"minecraft:stick":2,"tombstone:grave_key":2,"minecraft:wooden_axe":1,"tombstone:grave_dust":1,"minecraft:spruce_sapling":4,"minecraft:redstone":5,"minecraft:sweet_berries":7,"minecraft:stone_sword":1,"minecraft:tuff":1,"minecraft:spruce_planks":2,"minecraft:oak_sapling":1,"artifacts:pickaxe_heater":1,"minecraft:spider_eye":2,"minecraft:stone_pickaxe":2,"minecraft:wooden_pickaxe":3},"minecraft:killed_by":{"minecraft:creeper":2,"minecraft:zombie":4,"minecraft:enderman":3,"minecraft:skeleton":7},"minecraft:mined":{"minecraft:large_amethyst_bud":1,"minecraft:spruce_planks":10,"minecraft:white_bed":5,"minecraft:cobblestone_stairs":1,"minecraft:obsidian":11,"minecraft:cave_vines_plant":3,"minecraft:granite":9,"minecraft:budding_amethyst":5,"minecraft:grass_block":720,"minecraft:spawner":3,"minecraft:raw_iron_block":1,"minecraft:iron_ore":49,"minecraft:pumpkin":11,"minecraft:pointed_dripstone":4,"minecraft:cave_vines":4,"minecraft:dirt_path":1,"minecraft:deepslate_redstone_ore":11,"minecraft:brown_mushroom":11,"minecraft:smoker":5,"minecraft:amethyst_cluster":2,"minecraft:clay":1,"minecraft:torch":25,"minecraft:blast_furnace":4,"minecraft:calcite":1,"minecraft:chest":6,"minecraft:cobblestone":7,"minecraft:sugar_cane":8,"minecraft:wall_torch":7,"minecraft:amethyst_block":64,"minecraft:birch_log":8,"minecraft:grass":80,"minecraft:oak_log":71,"minecraft:dirt":666,"minecraft:netherrack":1,"minecraft:oak_leaves":8,"minecraft:deepslate":308,"minecraft:tuff":27,"minecraft:deepslate_diamond_ore":21,"minecraft:moss_block":27,"minecraft:spore_blossom":5,"minecraft:redstone_ore":1,"minecraft:furnace":2,"minecraft:andesite":9,"minecraft:bell":1,"minecraft:potatoes":23,"minecraft:deepslate_iron_ore":46,"minecraft:vine":1,"minecraft:stone":430,"minecraft:flowering_azalea":1,"minecraft:dandelion":3,"minecraft:crafting_table":14,"minecraft:emerald_ore":4,"minecraft:tall_grass":12,"minecraft:copper_ore":4,"minecraft:deepslate_gold_ore":81,"minecraft:diorite":13,"minecraft:sweet_berry_bush":22,"minecraft:spruce_log":33,"minecraft:birch_leaves":3,"minecraft:yellow_bed":5,"minecraft:coal_ore":66,"minecraft:gravel":14,"minecraft:dripstone_block":1,"minecraft:cobweb":10,"minecraft:gold_ore":5,"minecraft:fern":2},"minecraft:killed":{"minecraft:cave_spider":1,"minecraft:witch":1,"minecraft:spider":23,"minecraft:skeleton":14,"minecraft:chicken":2,"minecraft:pig":28,"minecraft:zombie_villager":1,"minecraft:salmon":15,"minecraft:iron_golem":1,"minecraft:creeper":8,"minecraft:sheep":22,"minecraft:trader_llama":2,"minecraft:goat":1,"minecraft:zombie":73,"minecraft:donkey":3,"minecraft:cow":9,"minecraft:horse":4,"minecraft:enderman":2},"minecraft:crafted":{"minecraft:oak_planks":92,"minecraft:smooth_stone":6,"minecraft:cooked_chicken":2,"usefulbackpacks:backpack_small":1,"minecraft:stone":14,"minecraft:cobblestone_stairs":20,"securitycraft:keypad_item":1,"minecraft:heavy_weighted_pressure_plate":1,"minecraft:cooked_mutton":32,"securitycraft:laser_block":1,"minecraft:glass":8,"minecraft:chest":6,"minecraft:stone_hoe":3,"minecraft:raw_iron_block":4,"minecraft:smoker":3,"minecraft:cooked_porkchop":53,"minecraft:crafting_table":8,"minecraft:spruce_planks":100,"securitycraft:reinforced_stone_button":8,"minecraft:wooden_pickaxe":2,"minecraft:iron_helmet":1,"minecraft:copper_ingot":11,"minecraft:birch_planks":32,"minecraft:book":1,"minecraft:iron_chestplate":1,"minecraft:yellow_dye":1,"minecraft:shield":2,"minecraft:stick":132,"usefulbackpacks:backpack_large":2,"minecraft:iron_ingot":154,"minecraft:iron_pickaxe":2,"minecraft:iron_block":3,"minecraft:stone_sword":6,"minecraft:gold_ingot":48,"securitycraft:universal_block_reinforcer_lvl1":1,"minecraft:raw_iron":117,"minecraft:stone_shovel":9,"minecraft:furnace":8,"minecraft:blast_furnace":2,"minecraft:bone_meal":36,"minecraft:glass_pane":16,"minecraft:ladder":3,"minecraft:stone_pickaxe":8,"usefulbackpacks:backpack_medium":1,"minecraft:spruce_boat":1,"minecraft:redstone_block":1,"minecraft:cooked_beef":16,"minecraft:enchanting_table":1,"minecraft:iron_sword":1,"minecraft:cooked_salmon":14,"minecraft:bucket":3,"minecraft:stone_axe":3,"minecraft:air":0,"minecraft:wooden_axe":2,"minecraft:iron_shovel":2,"minecraft:iron_leggings":1,"minecraft:anvil":1,"minecraft:white_bed":1,"minecraft:torch":172},"minecraft:used":{"minecraft:iron_shovel":505,"minecraft:ladder":1,"minecraft:chest":12,"minecraft:shield":68,"minecraft:iron_sword":32,"minecraft:bell":1,"minecraft:iron_chestplate":1,"securitycraft:keypad_item":1,"minecraft:axolotl_bucket":1,"minecraft:spruce_boat":2,"minecraft:birch_sapling":1,"minecraft:sweet_berries":30,"minecraft:furnace":5,"minecraft:oak_sapling":3,"minecraft:potato":94,"minecraft:stone_pickaxe":393,"minecraft:oak_planks":2,"minecraft:wooden_pickaxe":9,"minecraft:sugar_cane":2,"minecraft:golden_apple":2,"minecraft:glow_berries":25,"minecraft:blast_furnace":6,"waystones:waystone":3,"minecraft:bread":21,"minecraft:spore_blossom":5,"minecraft:gravel":7,"minecraft:andesite":6,"minecraft:bone_meal":36,"minecraft:azalea":7,"minecraft:enchanting_table":1,"minecraft:stone_sword":525,"minecraft:tropical_fish":4,"minecraft:stone_shovel":818,"minecraft:spruce_planks":18,"minecraft:cooked_salmon":14,"minecraft:stone_hoe":80,"minecraft:cooked_chicken":2,"minecraft:torch":254,"minecraft:dirt":1454,"minecraft:anvil":1,"minecraft:wooden_axe":40,"tombstone:gift":8,"minecraft:cooked_beef":16,"minecraft:cobbled_deepslate":176,"minecraft:cooked_mutton":32,"minecraft:water_bucket":27,"minecraft:cobblestone_stairs":21,"minecraft:crafting_table":22,"minecraft:spider_eye":2,"minecraft:white_bed":6,"minecraft:smoker":8,"minecraft:diamond_pickaxe":590,"minecraft:apple":1,"minecraft:iron_pickaxe":232,"minecraft:stone_axe":205,"minecraft:cobblestone":229,"minecraft:cooked_porkchop":53,"minecraft:bucket":30,"minecraft:yellow_bed":4,"minecraft:pumpkin_pie":8,"minecraft:dandelion":1},"minecraft:broken":{"minecraft:iron_shovel":2,"minecraft:stone_pickaxe":2,"minecraft:stone_axe":1,"minecraft:stone_shovel":5,"minecraft:stone_sword":3,"minecraft:shield":1}},"DataVersion":3465}