{"stats":{"minecraft:killed_by":{"minecraft:creeper":1,"minecraft:skeleton":1,"minecraft:zombie":1},"minecraft:broken":{"minecraft:stone_pickaxe":6,"minecraft:iron_pickaxe":1},"minecraft:picked_up":{"minecraft:crafting_table":5,"minecraft:wheat":10,"minecraft:chicken":4,"minecraft:lead":2,"minecraft:stone_brick_stairs":2,"cataclysm:abyss_eye":2,"minecraft:brewing_stand":1,"minecraft:string":22,"minecraft:raw_copper":5,"minecraft:beef":25,"minecraft:egg":5,"minecraft:furnace":2,"minecraft:stick":10,"minecraft:raw_iron":169,"minecraft:torch":10,"cataclysm:witherite_block":1,"minecraft:porkchop":4,"minecraft:stone_button":2,"tombstone:grave_dust":7,"minecraft:diorite":24,"minecraft:arrow":9,"minecraft:weeping_vines":14,"minecraft:rotten_flesh":13,"tombstone:essence_of_undeath":1,"minecraft:mutton":20,"minecraft:snowball":6,"minecraft:white_wool":15,"minecraft:cobblestone":533,"minecraft:birch_log":5,"cataclysm:music_disc_the_harbinger":1,"minecraft:cooked_beef":6,"minecraft:glow_ink_sac":2,"minecraft:andesite":124,"minecraft:leather":20,"minecraft:smoker":1,"minecraft:potato":6,"minecraft:oak_log":20,"minecraft:yellow_bed":3,"minecraft:gunpowder":4,"minecraft:dirt":109,"minecraft:lapis_lazuli":43,"minecraft:bone":18,"minecraft:chipped_anvil":1,"minecraft:bow":2,"minecraft:wheat_seeds":63,"minecraft:raw_gold":14,"minecraft:rabbit_hide":1,"artifacts:whoopee_cushion":1,"minecraft:rabbit":1,"camera:image":1,"minecraft:oak_planks":7,"minecraft:dandelion":1,"minecraft:gravel":9,"minecraft:blast_furnace":1,"minecraft:white_bed":1,"minecraft:bundle":1,"waystones:waystone":5,"minecraft:granite":3,"minecraft:oak_sapling":17,"minecraft:coal":211},"minecraft:killed":{"minecraft:spider":1,"cataclysm:the_harbinger":1,"minecraft:horse":3,"minecraft:skeleton":9,"minecraft:chicken":4,"artifacts:mimic":1,"minecraft:pig":3,"minecraft:wandering_trader":1,"minecraft:creeper":2,"minecraft:sheep":14,"minecraft:trader_llama":2,"minecraft:zombie":14,"minecraft:cow":15},"minecraft:dropped":{"minecraft:wheat_seeds":5,"minecraft:grass_block":1,"minecraft:dirt":1,"minecraft:wooden_axe":1,"minecraft:gravel":1,"minecraft:stone_sword":1,"minecraft:rotten_flesh":8,"minecraft:rabbit_hide":1,"minecraft:stone":51,"minecraft:andesite":111,"minecraft:wooden_pickaxe":1},"minecraft:mined":{"minecraft:brewing_stand":1,"minecraft:granite":2,"minecraft:grass_block":44,"minecraft:spawner":1,"minecraft:furnace":2,"minecraft:iron_ore":169,"minecraft:andesite":123,"minecraft:stone":519,"minecraft:smoker":1,"minecraft:crafting_table":5,"minecraft:torch":3,"minecraft:blast_furnace":1,"minecraft:tall_grass":1,"minecraft:copper_ore":1,"minecraft:lapis_ore":6,"minecraft:diorite":24,"minecraft:wall_torch":4,"minecraft:birch_log":5,"minecraft:wheat":10,"minecraft:yellow_bed":2,"minecraft:stone_brick_stairs":3,"minecraft:grass":19,"minecraft:oak_log":20,"minecraft:coal_ore":190,"minecraft:gravel":4,"minecraft:dirt":19,"minecraft:cobweb":3,"minecraft:chipped_anvil":1,"minecraft:gold_ore":14},"minecraft:custom":{"lootr:looted_stat":20,"minecraft:mob_kills":71,"minecraft:interact_with_crafting_table":35,"minecraft:eat_cake_slice":1,"minecraft:leave_game":20,"minecraft:time_since_death":100718,"minecraft:climb_one_cm":1910,"minecraft:damage_resisted":70,"minecraft:sprint_one_cm":800066,"minecraft:walk_one_cm":1512732,"minecraft:drop":16,"minecraft:talked_to_villager":1,"minecraft:play_time":953157,"minecraft:deaths":6,"minecraft:sneak_time":8507,"minecraft:walk_under_water_one_cm":10497,"minecraft:jump":9016,"minecraft:interact_with_blast_furnace":11,"minecraft:walk_on_water_one_cm":20419,"minecraft:total_world_time":953157,"minecraft:interact_with_furnace":45,"minecraft:play_record":1,"minecraft:interact_with_stonecutter":2,"minecraft:sleep_in_bed":8,"minecraft:time_since_rest":33912,"minecraft:waystone_activated":9,"minecraft:damage_taken":4141,"minecraft:damage_dealt":15836,"minecraft:interact_with_beacon":12,"minecraft:swim_one_cm":5953,"minecraft:fly_one_cm":5225690,"minecraft:open_chest":21,"minecraft:crouch_one_cm":9140,"tombstone:undead_killed":23,"tombstone:villager_killed":1,"minecraft:interact_with_smoker":1,"minecraft:fall_one_cm":218554,"minecraft:horse_one_cm":1785},"minecraft:crafted":{"minecraft:oak_planks":80,"usefulbackpacks:backpack_small":1,"minecraft:furnace":2,"minecraft:stone":94,"minecraft:cooked_mutton":19,"minecraft:iron_boots":1,"minecraft:stone_pickaxe":6,"usefulbackpacks:backpack_medium":1,"minecraft:cooked_beef":8,"minecraft:cooked_porkchop":1,"minecraft:crafting_table":3,"minecraft:wooden_pickaxe":1,"minecraft:baked_potato":11,"minecraft:iron_helmet":1,"minecraft:iron_sword":1,"minecraft:stone_axe":1,"minecraft:air":0,"minecraft:iron_chestplate":1,"minecraft:stick":72,"minecraft:iron_ingot":98,"usefulbackpacks:backpack_large":1,"minecraft:iron_pickaxe":4,"minecraft:iron_shovel":1,"minecraft:wooden_axe":1,"minecraft:gold_ingot":14,"minecraft:stone_sword":1,"minecraft:iron_leggings":1,"minecraft:white_bed":1,"minecraft:torch":164},"minecraft:used":{"camera:image_frame":1,"minecraft:netherite_sword":10,"twilightforest:spiral_bricks":1,"minecraft:jungle_leaves":3,"minecraft:polished_blackstone_brick_slab":124,"minecraft:iron_bars":84,"minecraft:stone_sword":79,"minecraft:iron_shovel":49,"securitycraft:reinforced_black_terracotta":136,"minecraft:flint_and_steel":1,"minecraft:polished_blackstone":146,"minecraft:chest":8,"minecraft:stone":738,"minecraft:iron_sword":123,"minecraft:zombie_spawn_egg":4,"minecraft:netherrack":1109,"minecraft:iron_chestplate":1,"minecraft:torch":178,"minecraft:dirt":286,"minecraft:blue_stained_glass":1,"cataclysm:the_harbinger_spawn_egg":1,"minecraft:stone_stairs":12,"minecraft:light_gray_glazed_terracotta":1,"minecraft:granite":2,"minecraft:weeping_vines":96,"minecraft:obsidian":882,"minecraft:purple_stained_glass_pane":66,"minecraft:polished_blackstone_slab":1,"minecraft:glass":3,"minecraft:wooden_axe":15,"minecraft:stone_brick_slab":32,"minecraft:iron_block":257,"minecraft:yellow_stained_glass":1,"cataclysm:obsidian_brick_slab":13,"minecraft:grass_block":1289,"minecraft:polished_andesite_stairs":116,"minecraft:polished_blackstone_brick_wall":75,"minecraft:iron_helmet":1,"minecraft:polished_blackstone_brick_stairs":25,"minecraft:stone_brick_stairs":41,"minecraft:stone_bricks":187,"minecraft:item_frame":3,"minecraft:bedrock":39,"cataclysm:abyss_eye":2,"minecraft:glowstone":8,"minecraft:gray_glazed_terracotta":290,"minecraft:lime_stained_glass":1,"minecraft:wolf_spawn_egg":4,"minecraft:oak_sapling":15,"minecraft:furnace":4,"minecraft:polished_diorite_stairs":5,"tombstone:gift":2,"minecraft:cooked_beef":14,"minecraft:iron_leggings":1,"minecraft:wheat_seeds":10,"minecraft:cooked_mutton":19,"minecraft:cobblestone_stairs":7,"minecraft:red_stained_glass":1,"minecraft:baked_potato":11,"minecraft:stone_pickaxe":786,"minecraft:wooden_pickaxe":18,"lootr:lootr_chest":5,"minecraft:beacon":7,"minecraft:cobblestone_slab":13,"cataclysm:lionfish_spawn_egg":1,"minecraft:oak_leaves":149,"minecraft:polished_blackstone_bricks":380,"minecraft:gilded_blackstone":9,"minecraft:red_bed":1,"minecraft:crafting_table":7,"cataclysm:music_disc_the_harbinger":1,"minecraft:blast_furnace":1,"securitycraft:reinforced_jungle_planks":1,"minecraft:white_bed":2,"minecraft:stone_brick_wall":31,"minecraft:smoker":1,"waystones:waystone":8,"minecraft:warped_trapdoor":16,"minecraft:crying_obsidian":42,"minecraft:command_block":24,"minecraft:bread":14,"minecraft:iron_pickaxe":259,"minecraft:stone_button":2,"minecraft:stone_slab":8,"minecraft:soul_lantern":19,"minecraft:stone_axe":31,"minecraft:cobblestone":123,"minecraft:cooked_porkchop":1,"minecraft:white_stained_glass":7,"minecraft:andesite":8,"minecraft:chain_command_block":1,"minecraft:yellow_bed":3,"minecraft:jukebox":1,"minecraft:smooth_stone":284}},"DataVersion":3465}