{"stats":{"minecraft:picked_up":{"minecraft:stick":3,"cataclysm:music_disc_the_harbinger":1,"minecraft:dandelion":1,"cataclysm:witherite_block":1,"minecraft:stone_button":2,"cataclysm:abyss_eye":2,"minecraft:dirt":9,"minecraft:wheat_seeds":34,"minecraft:oak_sapling":4,"minecraft:snowball":6},"minecraft:killed":{"cataclysm:the_harbinger":1},"minecraft:mined":{"minecraft:dirt":1},"minecraft:custom":{"minecraft:time_since_rest":201174,"minecraft:waystone_activated":1,"lootr:looted_stat":2,"minecraft:sprint_one_cm":37642,"minecraft:walk_one_cm":323319,"minecraft:mob_kills":1,"minecraft:damage_dealt":4682,"minecraft:play_record":1,"minecraft:interact_with_beacon":12,"minecraft:fly_one_cm":911016,"minecraft:crouch_one_cm":467,"minecraft:play_time":201174,"minecraft:sneak_time":1787,"minecraft:walk_under_water_one_cm":3202,"minecraft:jump":418,"minecraft:leave_game":7,"minecraft:time_since_death":201174,"minecraft:total_world_time":201174,"minecraft:fall_one_cm":954},"minecraft:used":{"minecraft:polished_blackstone_slab":1,"minecraft:glass":3,"waystones:waystone":1,"twilightforest:spiral_bricks":1,"minecraft:jungle_leaves":3,"minecraft:polished_blackstone_brick_slab":124,"minecraft:warped_trapdoor":16,"minecraft:crying_obsidian":40,"minecraft:command_block":2,"cataclysm:obsidian_brick_slab":13,"minecraft:iron_block":257,"minecraft:grass_block":811,"minecraft:polished_blackstone":146,"minecraft:polished_andesite_stairs":116,"minecraft:stone_button":2,"minecraft:polished_blackstone_brick_wall":75,"minecraft:stone":69,"minecraft:polished_blackstone_brick_stairs":25,"cataclysm:lionfish_spawn_egg":1,"minecraft:beacon":7,"minecraft:stone_bricks":70,"minecraft:soul_lantern":19,"minecraft:oak_leaves":149,"minecraft:polished_blackstone_bricks":380,"minecraft:gilded_blackstone":9,"minecraft:torch":14,"cataclysm:abyss_eye":2,"minecraft:glowstone":8,"minecraft:dirt":180,"minecraft:gray_glazed_terracotta":224,"cataclysm:the_harbinger_spawn_egg":1,"cataclysm:music_disc_the_harbinger":1,"minecraft:white_stained_glass":7,"securitycraft:reinforced_jungle_planks":1,"minecraft:polished_diorite_stairs":5,"minecraft:light_gray_glazed_terracotta":1,"minecraft:stone_brick_wall":18,"minecraft:smooth_stone":284,"minecraft:jukebox":1}},"DataVersion":3465}