{"stats":{"minecraft:killed_by":{"minecraft:skeleton":1,"minecraft:creeper":1},"minecraft:custom":{"minecraft:interact_with_furnace":4,"lootr:looted_stat":9,"minecraft:mob_kills":15,"minecraft:play_record":1,"minecraft:interact_with_crafting_table":6,"minecraft:leave_game":13,"minecraft:time_since_death":5040,"minecraft:sleep_in_bed":2,"minecraft:damage_resisted":66,"minecraft:climb_one_cm":1910,"minecraft:time_since_rest":3839,"minecraft:waystone_activated":4,"minecraft:sprint_one_cm":438363,"minecraft:damage_taken":1094,"minecraft:walk_one_cm":999867,"minecraft:drop":3,"minecraft:damage_dealt":6873,"minecraft:interact_with_beacon":12,"minecraft:fly_one_cm":4384454,"minecraft:open_chest":19,"minecraft:crouch_one_cm":2438,"tombstone:undead_killed":2,"minecraft:play_time":783721,"minecraft:deaths":4,"minecraft:sneak_time":7287,"minecraft:walk_under_water_one_cm":5563,"tombstone:villager_killed":1,"minecraft:jump":5131,"minecraft:walk_on_water_one_cm":1096,"minecraft:total_world_time":783721,"minecraft:fall_one_cm":67201},"minecraft:killed":{"minecraft:pig":2,"minecraft:spider":1,"minecraft:wandering_trader":1,"cataclysm:the_harbinger":1,"minecraft:skeleton":1,"minecraft:sheep":3,"minecraft:trader_llama":2,"minecraft:zombie":1,"minecraft:chicken":2},"minecraft:crafted":{"minecraft:oak_planks":56,"minecraft:cooked_porkchop":1,"minecraft:crafting_table":1,"minecraft:baked_potato":11,"minecraft:wooden_pickaxe":1,"minecraft:furnace":1,"minecraft:stone_axe":1,"minecraft:air":0,"minecraft:stick":8,"minecraft:stone_sword":1,"minecraft:stone_pickaxe":1,"minecraft:wooden_axe":1},"minecraft:dropped":{"minecraft:gravel":1,"minecraft:grass_block":1,"minecraft:dirt":1},"minecraft:mined":{"minecraft:crafting_table":2,"minecraft:furnace":1,"minecraft:birch_log":5,"minecraft:iron_ore":13,"minecraft:yellow_bed":2,"minecraft:grass":9,"minecraft:coal_ore":13,"minecraft:oak_log":14,"minecraft:dirt":1,"minecraft:stone":63},"minecraft:used":{"camera:image_frame":1,"twilightforest:spiral_bricks":1,"minecraft:netherite_sword":10,"minecraft:jungle_leaves":3,"minecraft:polished_blackstone_brick_slab":124,"minecraft:stone_sword":17,"minecraft:iron_bars":84,"minecraft:cobblestone_stairs":7,"securitycraft:reinforced_black_terracotta":136,"minecraft:flint_and_steel":1,"minecraft:red_stained_glass":1,"minecraft:stone_pickaxe":72,"minecraft:polished_blackstone":146,"minecraft:baked_potato":6,"minecraft:chest":8,"minecraft:wooden_pickaxe":18,"lootr:lootr_chest":5,"minecraft:stone":738,"minecraft:zombie_spawn_egg":4,"cataclysm:lionfish_spawn_egg":1,"minecraft:beacon":7,"minecraft:cobblestone_slab":13,"minecraft:gilded_blackstone":9,"minecraft:netherrack":1109,"minecraft:polished_blackstone_bricks":380,"minecraft:oak_leaves":149,"minecraft:torch":14,"minecraft:dirt":186,"minecraft:crafting_table":2,"minecraft:blue_stained_glass":1,"minecraft:red_bed":1,"cataclysm:the_harbinger_spawn_egg":1,"cataclysm:music_disc_the_harbinger":1,"minecraft:stone_stairs":12,"securitycraft:reinforced_jungle_planks":1,"minecraft:light_gray_glazed_terracotta":1,"minecraft:stone_brick_wall":31,"minecraft:weeping_vines":96,"minecraft:obsidian":882,"minecraft:wooden_axe":15,"minecraft:purple_stained_glass_pane":66,"minecraft:polished_blackstone_slab":1,"minecraft:glass":3,"waystones:waystone":4,"minecraft:stone_brick_slab":32,"minecraft:warped_trapdoor":16,"minecraft:crying_obsidian":42,"minecraft:command_block":24,"cataclysm:obsidian_brick_slab":13,"minecraft:yellow_stained_glass":1,"minecraft:iron_block":257,"minecraft:grass_block":1289,"minecraft:bread":6,"minecraft:polished_andesite_stairs":116,"minecraft:stone_button":2,"minecraft:polished_blackstone_brick_wall":75,"minecraft:stone_slab":8,"minecraft:polished_blackstone_brick_stairs":25,"minecraft:stone_brick_stairs":24,"minecraft:stone_bricks":187,"minecraft:soul_lantern":19,"minecraft:item_frame":3,"minecraft:stone_axe":18,"minecraft:bedrock":39,"cataclysm:abyss_eye":2,"minecraft:glowstone":8,"minecraft:cobblestone":98,"minecraft:gray_glazed_terracotta":290,"minecraft:cooked_porkchop":1,"minecraft:wolf_spawn_egg":4,"minecraft:furnace":1,"minecraft:lime_stained_glass":1,"minecraft:white_stained_glass":7,"minecraft:chain_command_block":1,"minecraft:polished_diorite_stairs":5,"tombstone:gift":1,"minecraft:yellow_bed":1,"minecraft:jukebox":1,"minecraft:smooth_stone":284},"minecraft:picked_up":{"minecraft:birch_log":5,"minecraft:crafting_table":2,"cataclysm:music_disc_the_harbinger":1,"minecraft:chicken":2,"minecraft:leather":2,"minecraft:lead":2,"minecraft:oak_log":14,"cataclysm:abyss_eye":2,"minecraft:yellow_bed":2,"minecraft:dirt":9,"minecraft:bone":2,"minecraft:wheat_seeds":34,"minecraft:rabbit_hide":1,"minecraft:rabbit":1,"minecraft:oak_planks":2,"minecraft:furnace":1,"minecraft:raw_iron":13,"minecraft:egg":4,"minecraft:stick":9,"cataclysm:witherite_block":1,"minecraft:dandelion":1,"minecraft:gravel":5,"minecraft:porkchop":3,"minecraft:stone_button":2,"minecraft:arrow":2,"minecraft:weeping_vines":14,"minecraft:rotten_flesh":3,"minecraft:oak_sapling":13,"minecraft:mutton":3,"minecraft:coal":13,"minecraft:snowball":6,"minecraft:white_wool":3,"minecraft:cobblestone":68}},"DataVersion":3465}