{"stats":{"minecraft:used":{"waystones:waystone":1,"cataclysm:abyss_eye":2,"minecraft:dirt":1,"minecraft:command_block":2,"cataclysm:the_harbinger_spawn_egg":1,"cataclysm:music_disc_the_harbinger":1,"minecraft:stone_button":2,"cataclysm:lionfish_spawn_egg":1,"minecraft:jukebox":1},"minecraft:mined":{"minecraft:dirt":1},"minecraft:killed":{"cataclysm:the_harbinger":1},"minecraft:custom":{"minecraft:time_since_rest":66987,"minecraft:waystone_activated":1,"minecraft:crouch_one_cm":29,"minecraft:sprint_one_cm":2044,"minecraft:play_time":66987,"minecraft:walk_one_cm":11674,"minecraft:sneak_time":633,"minecraft:walk_under_water_one_cm":3202,"minecraft:mob_kills":1,"minecraft:jump":90,"minecraft:damage_dealt":4682,"minecraft:leave_game":3,"minecraft:play_record":1,"minecraft:time_since_death":66987,"minecraft:total_world_time":66987,"minecraft:fall_one_cm":954,"minecraft:fly_one_cm":358819},"minecraft:picked_up":{"cataclysm:music_disc_the_harbinger":1,"cataclysm:witherite_block":1,"minecraft:stone_button":2,"cataclysm:abyss_eye":2,"minecraft:snowball":6,"minecraft:dirt":9}},"DataVersion":3465}