{"stats":{"minecraft:custom":{"lootr:looted_stat":8,"minecraft:mob_kills":1,"minecraft:play_record":1,"minecraft:leave_game":9,"minecraft:time_since_death":619985,"minecraft:climb_one_cm":1636,"minecraft:damage_resisted":16,"minecraft:time_since_rest":619985,"minecraft:waystone_activated":4,"minecraft:sprint_one_cm":242777,"minecraft:damage_taken":64,"minecraft:walk_one_cm":628542,"minecraft:drop":3,"minecraft:damage_dealt":4850,"minecraft:interact_with_beacon":12,"minecraft:fly_one_cm":3610381,"minecraft:open_chest":15,"minecraft:crouch_one_cm":1133,"minecraft:play_time":619985,"minecraft:sneak_time":6765,"minecraft:walk_under_water_one_cm":5563,"minecraft:jump":2572,"minecraft:walk_on_water_one_cm":1096,"minecraft:total_world_time":619985,"minecraft:fall_one_cm":4071},"minecraft:picked_up":{"cataclysm:music_disc_the_harbinger":1,"cataclysm:abyss_eye":2,"minecraft:dirt":9,"minecraft:wheat_seeds":34,"minecraft:stick":3,"cataclysm:witherite_block":1,"minecraft:dandelion":1,"minecraft:gravel":2,"minecraft:stone_button":2,"minecraft:weeping_vines":14,"minecraft:oak_sapling":4,"minecraft:snowball":6},"minecraft:dropped":{"minecraft:gravel":1,"minecraft:grass_block":1,"minecraft:dirt":1},"minecraft:mined":{"minecraft:dirt":1},"minecraft:killed":{"cataclysm:the_harbinger":1},"minecraft:used":{"twilightforest:spiral_bricks":1,"minecraft:jungle_leaves":3,"minecraft:polished_blackstone_brick_slab":124,"minecraft:iron_bars":84,"minecraft:cobblestone_stairs":7,"minecraft:flint_and_steel":1,"minecraft:red_stained_glass":1,"minecraft:polished_blackstone":146,"minecraft:chest":5,"lootr:lootr_chest":5,"minecraft:stone":714,"minecraft:zombie_spawn_egg":4,"cataclysm:lionfish_spawn_egg":1,"minecraft:beacon":7,"minecraft:cobblestone_slab":13,"minecraft:gilded_blackstone":9,"minecraft:netherrack":1109,"minecraft:polished_blackstone_bricks":380,"minecraft:oak_leaves":149,"minecraft:torch":14,"minecraft:dirt":186,"minecraft:blue_stained_glass":1,"cataclysm:the_harbinger_spawn_egg":1,"cataclysm:music_disc_the_harbinger":1,"minecraft:stone_stairs":12,"securitycraft:reinforced_jungle_planks":1,"minecraft:light_gray_glazed_terracotta":1,"minecraft:stone_brick_wall":31,"minecraft:weeping_vines":96,"minecraft:obsidian":882,"minecraft:purple_stained_glass_pane":66,"minecraft:polished_blackstone_slab":1,"minecraft:glass":3,"waystones:waystone":4,"minecraft:stone_brick_slab":32,"minecraft:warped_trapdoor":16,"minecraft:crying_obsidian":40,"minecraft:command_block":18,"cataclysm:obsidian_brick_slab":13,"minecraft:yellow_stained_glass":1,"minecraft:iron_block":257,"minecraft:grass_block":1288,"minecraft:polished_andesite_stairs":116,"minecraft:stone_button":2,"minecraft:polished_blackstone_brick_wall":75,"minecraft:stone_slab":8,"minecraft:polished_blackstone_brick_stairs":25,"minecraft:stone_brick_stairs":24,"minecraft:stone_bricks":187,"minecraft:soul_lantern":19,"minecraft:item_frame":3,"minecraft:bedrock":39,"cataclysm:abyss_eye":2,"minecraft:glowstone":8,"minecraft:cobblestone":98,"minecraft:gray_glazed_terracotta":284,"minecraft:wolf_spawn_egg":4,"minecraft:lime_stained_glass":1,"minecraft:white_stained_glass":7,"minecraft:chain_command_block":1,"minecraft:polished_diorite_stairs":5,"minecraft:smooth_stone":284,"minecraft:jukebox":1}},"DataVersion":3465}