{"stats":{"minecraft:custom":{"lootr:looted_stat":72,"minecraft:interact_with_crafting_table":61,"minecraft:eat_cake_slice":1,"minecraft:leave_game":24,"minecraft:time_since_death":99913,"minecraft:damage_resisted":132,"minecraft:sprint_one_cm":1804249,"minecraft:drop":50,"minecraft:talked_to_villager":1,"minecraft:play_time":1367712,"minecraft:deaths":13,"minecraft:jump":17868,"minecraft:walk_on_water_one_cm":37164,"minecraft:enchant_item":2,"minecraft:interact_with_furnace":66,"minecraft:play_record":1,"minecraft:sleep_in_bed":11,"minecraft:waystone_activated":14,"minecraft:damage_dealt":31901,"minecraft:interact_with_beacon":12,"minecraft:player_kills":1,"minecraft:crouch_one_cm":18631,"tombstone:undead_killed":86,"tombstone:villager_killed":1,"minecraft:interact_with_smoker":17,"minecraft:horse_one_cm":1785,"minecraft:mob_kills":176,"minecraft:climb_one_cm":1910,"minecraft:walk_one_cm":2647835,"minecraft:sneak_time":11563,"minecraft:walk_under_water_one_cm":19318,"minecraft:interact_with_blast_furnace":12,"minecraft:total_world_time":1367712,"minecraft:interact_with_stonecutter":2,"minecraft:time_since_rest":75026,"minecraft:damage_taken":11236,"minecraft:swim_one_cm":30424,"minecraft:fly_one_cm":8683808,"minecraft:open_chest":57,"minecraft:fall_one_cm":959563},"minecraft:picked_up":{"minecraft:iron_chestplate":2,"minecraft:wheat":32,"securitycraft:laser_block":1,"minecraft:smithing_table":1,"minecraft:lead":2,"minecraft:stone_brick_stairs":2,"cataclysm:abyss_eye":2,"tombstone:grave_key":1,"minecraft:brewing_stand":1,"minecraft:string":31,"minecraft:raw_copper":14,"minecraft:iron_leggings":1,"minecraft:cobbled_deepslate":189,"minecraft:spruce_planks":8,"minecraft:iron_pickaxe":3,"minecraft:furnace":2,"minecraft:iron_boots":1,"minecraft:golden_helmet":1,"minecraft:stick":37,"minecraft:oak_fence":2,"minecraft:torch":54,"minecraft:porkchop":10,"tombstone:grave_dust":18,"minecraft:diorite":25,"minecraft:rotten_flesh":45,"minecraft:snowball":6,"minecraft:cobblestone":950,"minecraft:birch_log":5,"cataclysm:music_disc_the_harbinger":1,"minecraft:feather":19,"minecraft:cooked_beef":9,"minecraft:andesite":219,"minecraft:smoker":1,"minecraft:potato":365,"minecraft:tuff":10,"minecraft:dirt":119,"artifacts:pickaxe_heater":1,"minecraft:lapis_lazuli":113,"minecraft:bone":36,"minecraft:chipped_anvil":2,"minecraft:bow":3,"minecraft:wheat_seeds":132,"minecraft:raw_gold":68,"minecraft:rabbit":1,"camera:image":1,"minecraft:oak_planks":19,"minecraft:poisonous_potato":1,"artifacts:plastic_drinking_hat":1,"minecraft:bundle":3,"minecraft:diamond":6,"waystones:waystone":5,"minecraft:granite":16,"minecraft:emerald":2,"minecraft:bread":11,"minecraft:oak_sapling":17,"minecraft:diamond_pickaxe":4,"minecraft:crafting_table":6,"minecraft:chicken":19,"minecraft:shield":1,"minecraft:beef":39,"minecraft:sugar_cane":124,"minecraft:chest":1,"minecraft:egg":9,"minecraft:raw_iron":316,"cataclysm:witherite_block":1,"artifacts:vampiric_glove":1,"minecraft:stone_button":2,"minecraft:carrot":15,"minecraft:redstone":105,"minecraft:weeping_vines":14,"minecraft:arrow":173,"minecraft:golden_hoe":1,"tombstone:essence_of_undeath":2,"minecraft:gold_ingot":14,"minecraft:mutton":30,"minecraft:white_wool":21,"minecraft:rail":3,"minecraft:glow_ink_sac":8,"minecraft:leather":28,"minecraft:oak_log":20,"minecraft:yellow_bed":3,"minecraft:gunpowder":17,"artifacts:cloud_in_a_bottle":2,"minecraft:paper":6,"minecraft:rabbit_hide":1,"minecraft:iron_ingot":7,"artifacts:whoopee_cushion":3,"tombstone:bag_of_seeds":1,"minecraft:book":16,"minecraft:dandelion":1,"minecraft:dripstone_block":3,"minecraft:gravel":9,"minecraft:blast_furnace":1,"minecraft:white_bed":1,"minecraft:spider_eye":1,"minecraft:iron_helmet":2,"minecraft:diamond_axe":2,"tombstone:magic_scroll":1,"minecraft:black_wool":1,"minecraft:coal":293},"minecraft:dropped":{"artifacts:cloud_in_a_bottle":2,"minecraft:leather":19,"minecraft:emerald":8,"minecraft:dirt":1,"minecraft:iron_pickaxe":1,"minecraft:gravel":1,"minecraft:sugar_cane":17,"minecraft:cobbled_deepslate":34,"minecraft:rotten_flesh":22,"minecraft:rabbit_hide":1,"minecraft:beef":7,"minecraft:wheat_seeds":49,"minecraft:book":1,"artifacts:whoopee_cushion":2,"minecraft:grass_block":1,"minecraft:coal":64,"securitycraft:laser_block":1,"tombstone:grave_key":1,"minecraft:wooden_axe":1,"minecraft:chainmail_leggings":1,"minecraft:paper":18,"minecraft:string":66,"minecraft:stone_sword":1,"minecraft:stone":51,"minecraft:bundle":2,"minecraft:diamond_pickaxe":1,"minecraft:andesite":111,"artifacts:pickaxe_heater":1,"minecraft:wooden_pickaxe":1,"minecraft:raw_gold":1},"minecraft:killed_by":{"minecraft:creeper":3,"minecraft:zombie":2,"minecraft:skeleton":3},"minecraft:mined":{"minecraft:spruce_planks":8,"minecraft:brewing_stand":1,"minecraft:granite":9,"minecraft:grass_block":47,"minecraft:spawner":2,"minecraft:iron_ore":268,"minecraft:deepslate_lapis_ore":10,"minecraft:deepslate_redstone_ore":17,"minecraft:smoker":1,"minecraft:torch":9,"minecraft:blast_furnace":1,"minecraft:chest":1,"minecraft:cobblestone":52,"minecraft:sugar_cane":63,"minecraft:wall_torch":33,"minecraft:birch_log":5,"minecraft:wheat":32,"minecraft:stone_brick_stairs":3,"minecraft:grass":36,"minecraft:oak_log":20,"minecraft:dirt":22,"minecraft:deepslate":154,"minecraft:tuff":9,"minecraft:dark_oak_leaves":1,"minecraft:deepslate_diamond_ore":6,"minecraft:furnace":2,"minecraft:carrots":4,"minecraft:andesite":218,"minecraft:potatoes":100,"minecraft:deepslate_iron_ore":55,"minecraft:rail":1,"minecraft:stone":837,"minecraft:smithing_table":1,"minecraft:crafting_table":6,"minecraft:copper_ore":1,"minecraft:tall_grass":1,"minecraft:lapis_ore":8,"minecraft:deepslate_gold_ore":53,"minecraft:diorite":25,"minecraft:yellow_bed":2,"minecraft:coal_ore":254,"minecraft:gravel":4,"minecraft:dripstone_block":3,"minecraft:cobweb":3,"minecraft:gold_ore":15,"minecraft:chipped_anvil":2},"minecraft:killed":{"minecraft:spider":7,"cataclysm:the_harbinger":1,"minecraft:skeleton":26,"minecraft:chicken":19,"artifacts:mimic":2,"minecraft:pig":5,"minecraft:creeper":10,"minecraft:sheep":21,"minecraft:trader_llama":2,"minecraft:zombie":60,"minecraft:cow":18,"minecraft:horse":3,"minecraft:wandering_trader":1},"minecraft:crafted":{"minecraft:oak_planks":80,"minecraft:cooked_chicken":11,"usefulbackpacks:backpack_small":1,"minecraft:stone":108,"minecraft:bookshelf":4,"minecraft:cooked_mutton":19,"minecraft:iron_boots":1,"minecraft:chest":9,"minecraft:stone_hoe":1,"minecraft:cooked_porkchop":12,"minecraft:crafting_table":4,"minecraft:spruce_planks":76,"minecraft:baked_potato":187,"minecraft:wooden_pickaxe":1,"minecraft:iron_helmet":1,"tombstone:decorative_grave_simple":2,"minecraft:birch_planks":20,"minecraft:iron_chestplate":1,"minecraft:paper":54,"minecraft:stick":108,"usefulbackpacks:backpack_large":1,"minecraft:iron_ingot":162,"minecraft:iron_pickaxe":6,"minecraft:stone_sword":1,"minecraft:gold_ingot":14,"minecraft:furnace":2,"minecraft:stone_pickaxe":6,"usefulbackpacks:backpack_medium":1,"minecraft:cooked_beef":8,"minecraft:diamond_sword":1,"minecraft:iron_sword":2,"minecraft:bucket":1,"minecraft:stone_axe":1,"minecraft:bread":19,"minecraft:air":0,"tombstone:dark_marble":13,"minecraft:wooden_axe":1,"minecraft:iron_shovel":1,"minecraft:iron_leggings":2,"minecraft:white_bed":1,"minecraft:torch":436,"minecraft:diamond_chestplate":1},"minecraft:used":{"twilightforest:spiral_bricks":1,"minecraft:iron_shovel":52,"securitycraft:reinforced_black_terracotta":136,"minecraft:polished_blackstone":146,"minecraft:chest":18,"minecraft:stone":738,"minecraft:iron_sword":297,"minecraft:zombie_spawn_egg":4,"minecraft:iron_chestplate":1,"minecraft:blue_stained_glass":1,"minecraft:carrot":16,"minecraft:tuff":2,"minecraft:weeping_vines":96,"minecraft:obsidian":882,"minecraft:polished_blackstone_slab":1,"minecraft:glass":3,"tombstone:decorative_grave_simple":2,"minecraft:grass_block":1289,"minecraft:polished_andesite_stairs":116,"minecraft:polished_blackstone_brick_wall":75,"minecraft:iron_helmet":1,"minecraft:stone_brick_stairs":41,"minecraft:stone_bricks":187,"minecraft:item_frame":3,"minecraft:bedrock":55,"minecraft:bow":3,"minecraft:furnace":4,"minecraft:oak_sapling":15,"minecraft:polished_diorite_stairs":5,"minecraft:egg":1,"minecraft:potato":145,"minecraft:red_stained_glass":1,"minecraft:stone_pickaxe":786,"minecraft:wooden_pickaxe":18,"minecraft:diamond_axe":100,"minecraft:sugar_cane":1,"minecraft:oak_leaves":149,"minecraft:blast_furnace":1,"minecraft:dripstone_block":3,"minecraft:stone_brick_wall":31,"waystones:waystone":9,"minecraft:crying_obsidian":42,"minecraft:bread":52,"minecraft:stone_button":2,"minecraft:soul_lantern":19,"minecraft:diamond_sword":16,"minecraft:white_stained_glass":7,"minecraft:andesite":9,"minecraft:golden_pickaxe":32,"camera:image_frame":1,"minecraft:netherite_sword":10,"minecraft:jungle_leaves":3,"minecraft:polished_blackstone_brick_slab":124,"minecraft:iron_bars":84,"minecraft:stone_sword":79,"minecraft:flint_and_steel":1,"minecraft:stone_hoe":72,"minecraft:cooked_chicken":11,"minecraft:netherrack":1109,"minecraft:torch":500,"minecraft:dirt":293,"cataclysm:the_harbinger_spawn_egg":1,"minecraft:stone_stairs":12,"minecraft:light_gray_glazed_terracotta":1,"minecraft:granite":2,"minecraft:purple_stained_glass_pane":66,"minecraft:stone_brick_slab":32,"minecraft:wooden_axe":15,"minecraft:bookshelf":4,"cataclysm:obsidian_brick_slab":13,"minecraft:yellow_stained_glass":1,"minecraft:iron_block":257,"minecraft:polished_blackstone_brick_stairs":25,"cataclysm:abyss_eye":2,"minecraft:glowstone":8,"minecraft:gray_glazed_terracotta":297,"minecraft:wolf_spawn_egg":4,"minecraft:lime_stained_glass":1,"tombstone:gift":4,"minecraft:cooked_beef":17,"minecraft:cobbled_deepslate":11,"minecraft:iron_leggings":1,"minecraft:brown_bed":1,"minecraft:wheat_seeds":31,"minecraft:cooked_mutton":19,"minecraft:water_bucket":3,"minecraft:cobblestone_stairs":7,"minecraft:baked_potato":63,"lootr:lootr_chest":5,"cataclysm:lionfish_spawn_egg":1,"minecraft:beacon":7,"minecraft:cobblestone_slab":13,"minecraft:polished_blackstone_bricks":380,"minecraft:gilded_blackstone":9,"minecraft:crafting_table":9,"minecraft:red_bed":1,"cataclysm:music_disc_the_harbinger":1,"securitycraft:reinforced_jungle_planks":1,"minecraft:white_bed":2,"minecraft:smoker":1,"tombstone:bag_of_seeds":1,"minecraft:diamond_pickaxe":10,"minecraft:warped_trapdoor":16,"minecraft:command_block":25,"minecraft:iron_pickaxe":1170,"minecraft:stone_slab":8,"minecraft:stone_axe":40,"minecraft:cobblestone":159,"minecraft:cooked_porkchop":12,"minecraft:chain_command_block":1,"minecraft:bucket":4,"minecraft:yellow_bed":3,"minecraft:smooth_stone":284,"minecraft:jukebox":1,"minecraft:chainmail_leggings":1},"minecraft:broken":{"minecraft:iron_boots":1,"minecraft:iron_leggings":1,"minecraft:stone_pickaxe":6,"minecraft:iron_sword":1,"minecraft:iron_pickaxe":4,"minecraft:golden_pickaxe":1}},"DataVersion":3465}