{"stats":{"minecraft:custom":{"minecraft:time_since_rest":1,"minecraft:waystone_activated":1,"minecraft:damage_taken":1939,"minecraft:play_time":53671,"minecraft:walk_one_cm":176246,"tombstone:undead_killed":1,"minecraft:sprint_one_cm":86830,"minecraft:deaths":7,"minecraft:mob_kills":1,"minecraft:drop":4,"minecraft:walk_on_water_one_cm":98,"minecraft:jump":502,"minecraft:damage_dealt":326,"minecraft:leave_game":5,"minecraft:time_since_death":512,"minecraft:sleep_in_bed":1,"minecraft:total_world_time":53671,"minecraft:interact_with_crafting_table":4,"minecraft:fall_one_cm":7759,"minecraft:fly_one_cm":17659},"minecraft:picked_up":{"minecraft:birch_log":5,"minecraft:stick":2,"minecraft:stone_sword":1,"minecraft:rotten_flesh":1,"minecraft:torch":1,"minecraft:stone_pickaxe":1,"minecraft:oak_log":5,"tombstone:grave_key":3,"tombstone:bag_of_seeds":1},"minecraft:dropped":{"tombstone:grave_key":4},"minecraft:killed_by":{"minecraft:skeleton":5,"minecraft:zombie":1,"minecraft:player":1},"minecraft:mined":{"minecraft:grass":13,"minecraft:oak_log":5,"minecraft:birch_log":5,"minecraft:wall_torch":1},"minecraft:killed":{"minecraft:zombie":1},"minecraft:crafted":{"minecraft:wooden_sword":2,"minecraft:oak_planks":12,"minecraft:oak_wood":3,"minecraft:birch_planks":20,"minecraft:crafting_table":2,"minecraft:stick":8},"minecraft:used":{"minecraft:wooden_sword":4,"minecraft:stone_sword":16,"minecraft:crafting_table":2}},"DataVersion":3465}