{"stats":{"minecraft:killed_by":{"minecraft:skeleton":1,"artifacts:mimic":1},"minecraft:broken":{"minecraft:iron_axe":1},"minecraft:picked_up":{"minecraft:crafting_table":7,"minecraft:leather_leggings":1,"minecraft:gold_block":2,"minecraft:enchanted_book":2,"minecraft:string":6,"minecraft:raw_copper":25,"minecraft:cobbled_deepslate":56,"minecraft:beef":11,"minecraft:sugar_cane":22,"minecraft:chest":2,"minecraft:furnace":4,"minecraft:dark_oak_sapling":12,"minecraft:stick":31,"minecraft:raw_iron":109,"minecraft:torch":10,"minecraft:porkchop":27,"tombstone:grave_dust":3,"minecraft:dark_oak_planks":2,"minecraft:arrow":8,"minecraft:rotten_flesh":12,"artifacts:cross_necklace":1,"tombstone:essence_of_undeath":1,"minecraft:mutton":33,"minecraft:white_wool":21,"minecraft:cobblestone":90,"minecraft:brown_wool":1,"minecraft:leather":13,"minecraft:flint":1,"minecraft:oak_log":28,"minecraft:gunpowder":3,"minecraft:lapis_lazuli":106,"minecraft:dirt":65,"tombstone:gift":1,"minecraft:cooked_mutton":5,"minecraft:bone":7,"minecraft:apple":2,"minecraft:wheat_seeds":6,"minecraft:raw_gold":8,"minecraft:iron_ingot":4,"minecraft:cooked_chicken":2,"minecraft:moss_block":2,"minecraft:flowering_azalea":1,"minecraft:oak_planks":10,"minecraft:cooked_porkchop":14,"minecraft:gravel":2,"minecraft:spruce_sapling":9,"minecraft:white_bed":1,"minecraft:spruce_log":60,"minecraft:dark_oak_log":100,"minecraft:pumpkin_seeds":5,"minecraft:diamond":1,"minecraft:stone_axe":1,"waystones:waystone":3,"minecraft:granite":11,"minecraft:gray_wool":1,"minecraft:oak_sapling":8,"tombstone:magic_scroll":1,"minecraft:coal":46},"minecraft:killed":{"minecraft:spider":2,"minecraft:skeleton":6,"minecraft:horse":4,"artifacts:mimic":1,"minecraft:pig":9,"minecraft:creeper":2,"minecraft:sheep":21,"minecraft:pillager":1,"minecraft:zombie":21,"minecraft:cow":6,"mowziesmobs:naga":1},"minecraft:dropped":{"minecraft:wheat_seeds":5,"minecraft:gray_wool":1,"minecraft:raw_copper_block":7,"minecraft:iron_axe":1,"minecraft:iron_pickaxe":1,"minecraft:dark_oak_planks":2,"minecraft:string":4,"minecraft:gravel":2,"minecraft:stone_axe":2,"minecraft:cooked_chicken":1,"minecraft:stone_sword":1,"minecraft:rotten_flesh":4,"minecraft:pumpkin_seeds":5,"minecraft:leather_boots":1,"minecraft:oak_sapling":12,"minecraft:leather_leggings":1,"minecraft:arrow":1,"minecraft:stone_pickaxe":1},"minecraft:custom":{"minecraft:interact_with_smithing_table":1,"lootr:looted_stat":18,"minecraft:mob_kills":80,"minecraft:interact_with_crafting_table":26,"minecraft:interact_with_campfire":12,"minecraft:leave_game":25,"minecraft:time_since_death":87380,"minecraft:climb_one_cm":107,"minecraft:damage_resisted":2,"minecraft:sprint_one_cm":431054,"minecraft:walk_one_cm":516893,"minecraft:damage_blocked_by_shield":1605,"minecraft:drop":22,"minecraft:talked_to_villager":7,"minecraft:play_time":175679,"minecraft:deaths":2,"minecraft:sneak_time":1669,"minecraft:walk_under_water_one_cm":16387,"minecraft:boat_one_cm":52245,"minecraft:jump":2823,"minecraft:interact_with_blast_furnace":1,"minecraft:walk_on_water_one_cm":28471,"minecraft:total_world_time":175679,"minecraft:interact_with_furnace":44,"tombstone:raider_killed":1,"minecraft:interact_with_cartography_table":1,"minecraft:sleep_in_bed":7,"minecraft:time_since_rest":12856,"minecraft:waystone_activated":4,"minecraft:damage_taken":2199,"minecraft:damage_dealt":11114,"minecraft:swim_one_cm":26679,"minecraft:fly_one_cm":478681,"minecraft:open_chest":17,"minecraft:crouch_one_cm":5261,"tombstone:undead_killed":27,"minecraft:fall_one_cm":63297,"minecraft:horse_one_cm":29448},"minecraft:mined":{"minecraft:dark_oak_planks":2,"minecraft:white_bed":1,"minecraft:candle_cake":1,"minecraft:deepslate_diamond_ore":1,"minecraft:dark_oak_log":100,"minecraft:granite":11,"minecraft:grass_block":11,"minecraft:spruce_leaves":4,"minecraft:moss_block":2,"minecraft:rooted_dirt":1,"minecraft:spawner":1,"minecraft:large_fern":1,"minecraft:furnace":4,"minecraft:iron_ore":100,"minecraft:cobbled_deepslate":2,"minecraft:gold_block":2,"minecraft:cave_vines":1,"minecraft:deepslate_iron_ore":9,"minecraft:stone":87,"minecraft:flowering_azalea":1,"minecraft:crafting_table":7,"minecraft:torch":2,"minecraft:chest":2,"minecraft:tall_grass":10,"minecraft:copper_ore":6,"minecraft:cobblestone":2,"minecraft:lapis_ore":16,"minecraft:sugar_cane":7,"minecraft:oak_planks":10,"minecraft:wall_torch":3,"minecraft:spruce_log":60,"minecraft:grass":5,"minecraft:oak_log":29,"minecraft:coal_ore":48,"minecraft:gravel":2,"minecraft:dirt":36,"minecraft:gold_ore":9,"minecraft:deepslate":54,"minecraft:fern":1},"minecraft:crafted":{"minecraft:oak_planks":168,"minecraft:raw_iron":108,"usefulbackpacks:backpack_small":1,"minecraft:furnace":1,"minecraft:bone_meal":24,"minecraft:cooked_mutton":6,"minecraft:bow":1,"minecraft:iron_boots":1,"minecraft:iron_axe":1,"usefulbackpacks:backpack_medium":1,"minecraft:raw_iron_block":12,"minecraft:cooked_beef":16,"minecraft:arrow":4,"minecraft:crafting_table":2,"minecraft:spruce_planks":56,"minecraft:bucket":1,"minecraft:bread":1,"minecraft:air":0,"minecraft:oak_boat":1,"minecraft:shield":1,"minecraft:stick":52,"minecraft:iron_ingot":79,"usefulbackpacks:backpack_large":1,"minecraft:iron_pickaxe":2,"minecraft:gold_ingot":18,"minecraft:iron_leggings":1,"minecraft:white_bed":1,"minecraft:torch":136,"minecraft:lapis_block":11},"minecraft:used":{"minecraft:moss_block":2,"minecraft:chest":4,"minecraft:spruce_planks":18,"minecraft:shield":37,"minecraft:cooked_chicken":1,"minecraft:iron_chestplate":1,"minecraft:torch":127,"minecraft:dirt":45,"minecraft:granite":11,"minecraft:iron_axe":369,"minecraft:iron_helmet":1,"minecraft:bow":8,"minecraft:furnace":5,"tombstone:gift":2,"minecraft:egg":1,"minecraft:cobbled_deepslate":50,"minecraft:iron_leggings":2,"minecraft:dark_oak_sapling":4,"minecraft:cooked_mutton":11,"minecraft:water_bucket":4,"minecraft:leather_leggings":2,"minecraft:stone_pickaxe":103,"minecraft:oak_planks":116,"minecraft:crafting_table":9,"minecraft:white_bed":2,"minecraft:oak_log":1,"waystones:waystone":3,"minecraft:apple":2,"minecraft:bread":9,"minecraft:iron_pickaxe":260,"minecraft:spruce_sapling":4,"minecraft:stone_axe":7,"minecraft:cobblestone":18,"minecraft:cooked_porkchop":11,"minecraft:bucket":5,"minecraft:oak_boat":1,"minecraft:bone_meal":5}},"DataVersion":3465}