{"stats":{"minecraft:custom":{"lootr:looted_stat":69,"minecraft:interact_with_crafting_table":59,"minecraft:leave_game":89,"minecraft:time_since_death":327104,"minecraft:damage_resisted":20,"minecraft:sprint_one_cm":1148678,"minecraft:damage_blocked_by_shield":4515,"minecraft:drop":112,"minecraft:talked_to_villager":233,"minecraft:play_time":645048,"minecraft:deaths":5,"minecraft:jump":7920,"minecraft:walk_on_water_one_cm":55596,"minecraft:enchant_item":7,"minecraft:interact_with_furnace":89,"minecraft:traded_with_villager":358,"minecraft:interact_with_cartography_table":1,"minecraft:sleep_in_bed":21,"minecraft:waystone_activated":12,"tombstone:sneak_grave":3,"minecraft:damage_dealt":35958,"minecraft:crouch_one_cm":15329,"tombstone:undead_killed":134,"minecraft:interact_with_smoker":7,"minecraft:horse_one_cm":968219,"minecraft:interact_with_smithing_table":2,"minecraft:mob_kills":221,"minecraft:interact_with_campfire":12,"minecraft:climb_one_cm":715,"minecraft:walk_one_cm":1765276,"minecraft:sneak_time":7022,"minecraft:walk_under_water_one_cm":21425,"minecraft:boat_one_cm":246503,"minecraft:interact_with_blast_furnace":13,"minecraft:total_world_time":645048,"tombstone:raider_killed":3,"minecraft:interact_with_grindstone":20,"minecraft:time_since_rest":34957,"minecraft:damage_taken":8152,"minecraft:swim_one_cm":29725,"minecraft:fly_one_cm":1274615,"minecraft:open_chest":54,"minecraft:fall_one_cm":220202},"minecraft:picked_up":{"minecraft:enchanted_book":2,"minecraft:stone_brick_stairs":1,"minecraft:amethyst_block":3,"minecraft:string":274,"minecraft:raw_copper":28,"minecraft:armor_stand":2,"minecraft:cobbled_deepslate":412,"minecraft:spruce_planks":30,"minecraft:furnace":5,"minecraft:stick":77,"minecraft:composter":3,"minecraft:big_dripleaf":1,"minecraft:torch":31,"minecraft:porkchop":27,"tombstone:grave_dust":14,"minecraft:diorite":14,"minecraft:rotten_flesh":92,"minecraft:tropical_fish":1,"artifacts:villager_hat":1,"minecraft:snowball":5,"minecraft:cobblestone":224,"minecraft:andesite":16,"minecraft:brown_wool":1,"minecraft:potato":168,"minecraft:flint":8,"minecraft:tuff":44,"minecraft:lapis_lazuli":257,"minecraft:dirt":185,"minecraft:bone":26,"minecraft:wheat_seeds":14,"minecraft:raw_gold":28,"minecraft:grindstone":2,"minecraft:fletching_table":9,"minecraft:glowstone_dust":2,"minecraft:moss_block":3,"minecraft:oak_planks":22,"minecraft:cooked_porkchop":15,"minecraft:poisonous_potato":1,"minecraft:dark_oak_log":148,"minecraft:mossy_cobblestone":1,"minecraft:bundle":1,"minecraft:diamond":36,"waystones:waystone":8,"minecraft:granite":19,"minecraft:bone_meal":19,"minecraft:emerald":57,"minecraft:rooted_dirt":3,"minecraft:oak_sapling":12,"minecraft:netherrack":1,"minecraft:crafting_table":10,"minecraft:clay_ball":13,"minecraft:leather_leggings":1,"minecraft:gold_block":3,"artifacts:feral_claws":1,"minecraft:beef":17,"minecraft:spruce_slab":6,"minecraft:sugar_cane":116,"minecraft:chest":4,"minecraft:spruce_trapdoor":2,"minecraft:egg":1,"minecraft:dark_oak_sapling":23,"minecraft:raw_iron":248,"minecraft:carrot":38,"minecraft:redstone":235,"minecraft:iron_horse_armor":1,"minecraft:dark_oak_planks":2,"minecraft:arrow":19,"artifacts:cross_necklace":1,"minecraft:saddle":1,"tombstone:essence_of_undeath":1,"minecraft:mutton":35,"minecraft:white_wool":22,"minecraft:rail":9,"minecraft:leather":20,"artifacts:onion_ring":1,"minecraft:oak_log":34,"minecraft:gunpowder":8,"minecraft:yellow_bed":1,"artifacts:cloud_in_a_bottle":1,"tombstone:gift":1,"minecraft:cooked_mutton":5,"minecraft:apple":3,"minecraft:stone_bricks":1,"artifacts:whoopee_cushion":1,"minecraft:iron_ingot":5,"minecraft:cooked_chicken":2,"tombstone:bag_of_seeds":1,"minecraft:glass_bottle":1,"minecraft:flowering_azalea":1,"minecraft:smooth_basalt":4,"minecraft:raw_iron_block":2,"minecraft:gravel":51,"minecraft:amethyst_shard":12,"minecraft:spruce_sapling":80,"minecraft:blast_furnace":1,"minecraft:white_bed":2,"minecraft:spruce_log":405,"minecraft:spruce_door":3,"minecraft:spider_eye":3,"minecraft:pumpkin_seeds":5,"minecraft:stone_axe":1,"minecraft:gray_wool":1,"tombstone:magic_scroll":1,"minecraft:coal":139},"minecraft:dropped":{"minecraft:iron_sword":3,"minecraft:moss_block":1,"minecraft:diamond_axe":8,"minecraft:golden_pickaxe":1,"minecraft:diamond":1,"minecraft:cooked_porkchop":1,"minecraft:crossbow":2,"minecraft:leather":5,"minecraft:iron_horse_armor":1,"minecraft:saddle":1,"minecraft:emerald":1,"minecraft:raw_copper_block":7,"minecraft:iron_pickaxe":4,"minecraft:dark_oak_planks":2,"minecraft:bone":2,"minecraft:gravel":2,"minecraft:stone_axe":11,"minecraft:sugar_cane":17,"minecraft:cooked_chicken":1,"minecraft:wheat":14,"minecraft:rotten_flesh":4,"minecraft:light_gray_carpet":3,"minecraft:cooked_mutton":22,"minecraft:golden_shovel":1,"minecraft:leather_boots":1,"minecraft:leather_leggings":1,"minecraft:arrow":97,"minecraft:wheat_seeds":11,"minecraft:poisonous_potato":1,"minecraft:iron_helmet":7,"minecraft:book":16,"artifacts:whoopee_cushion":1,"minecraft:gray_wool":1,"minecraft:torch":2,"minecraft:iron_leggings":2,"minecraft:dead_bush":1,"minecraft:iron_axe":12,"minecraft:string":4,"minecraft:stone_sword":1,"minecraft:clay_ball":13,"minecraft:iron_boots":2,"minecraft:pumpkin_seeds":5,"minecraft:big_dripleaf":1,"minecraft:iron_chestplate":2,"minecraft:diamond_pickaxe":3,"minecraft:yellow_bed":1,"minecraft:oak_sapling":12,"minecraft:bow":9,"minecraft:stone_pickaxe":1},"minecraft:killed_by":{"artifacts:mimic":1,"minecraft:skeleton":4},"minecraft:mined":{"minecraft:dark_oak_planks":2,"minecraft:large_amethyst_bud":2,"minecraft:spruce_planks":30,"minecraft:white_bed":2,"minecraft:spruce_trapdoor":2,"minecraft:granite":19,"minecraft:grass_block":57,"minecraft:composter":3,"minecraft:spawner":5,"minecraft:raw_iron_block":2,"minecraft:iron_ore":124,"minecraft:cobbled_deepslate":25,"minecraft:fletching_table":9,"minecraft:deepslate_lapis_ore":9,"minecraft:cave_vines":1,"minecraft:dirt_path":1,"minecraft:small_amethyst_bud":1,"minecraft:spruce_slab":5,"minecraft:deepslate_redstone_ore":55,"minecraft:amethyst_cluster":2,"minecraft:torch":11,"minecraft:blast_furnace":1,"minecraft:chest":4,"minecraft:cobblestone":60,"minecraft:grindstone":2,"minecraft:sugar_cane":68,"minecraft:oak_planks":22,"minecraft:wall_torch":6,"minecraft:amethyst_block":1,"minecraft:deepslate_copper_ore":1,"minecraft:stone_brick_stairs":1,"minecraft:grass":56,"minecraft:oak_log":35,"minecraft:dirt":75,"minecraft:smooth_basalt":4,"minecraft:netherrack":1,"minecraft:deepslate":371,"minecraft:tuff":50,"minecraft:candle_cake":1,"minecraft:mossy_cobblestone":1,"minecraft:deepslate_diamond_ore":21,"minecraft:dark_oak_log":148,"minecraft:spruce_leaves":6,"minecraft:moss_block":3,"minecraft:rooted_dirt":4,"minecraft:large_fern":3,"minecraft:furnace":5,"minecraft:carrots":13,"minecraft:andesite":16,"minecraft:gold_block":3,"minecraft:potatoes":74,"minecraft:deepslate_iron_ore":79,"minecraft:rail":7,"minecraft:stone":169,"minecraft:flowering_azalea":1,"minecraft:spruce_door":3,"minecraft:crafting_table":10,"minecraft:tall_grass":12,"minecraft:copper_ore":6,"minecraft:lapis_ore":22,"minecraft:deepslate_gold_ore":17,"minecraft:diorite":14,"minecraft:spruce_stairs":1,"minecraft:purple_bed":1,"minecraft:spruce_log":408,"minecraft:yellow_bed":1,"minecraft:coal_ore":67,"minecraft:gravel":58,"minecraft:stone_bricks":1,"minecraft:gold_ore":10,"minecraft:fern":2},"minecraft:killed":{"minecraft:cave_spider":7,"minecraft:witch":1,"minecraft:spider":12,"minecraft:skeleton":25,"artifacts:mimic":2,"minecraft:pig":9,"minecraft:zombie_villager":2,"minecraft:creeper":6,"minecraft:sheep":22,"minecraft:pillager":2,"minecraft:zombie":107,"minecraft:cow":9,"mowziesmobs:naga":1,"minecraft:horse":4},"minecraft:crafted":{"minecraft:grindstone":2,"minecraft:oak_planks":192,"usefulbackpacks:backpack_small":1,"minecraft:stone":3,"minecraft:diamond_shovel":1,"minecraft:cooked_mutton":28,"minecraft:diamond_helmet":3,"minecraft:bow":10,"minecraft:diamond_leggings":3,"minecraft:iron_boots":2,"minecraft:stone_hoe":2,"minecraft:raw_iron_block":12,"minecraft:emerald":250,"minecraft:arrow":308,"minecraft:diamond_axe":8,"minecraft:crafting_table":11,"minecraft:spruce_planks":1716,"minecraft:iron_helmet":11,"minecraft:baked_potato":86,"minecraft:smithing_table":1,"minecraft:fletching_table":2,"minecraft:gold_block":2,"minecraft:iron_chestplate":1,"minecraft:diamond_pickaxe":4,"minecraft:shield":10,"minecraft:stick":4197,"minecraft:stone_slab":6,"usefulbackpacks:backpack_large":1,"minecraft:iron_ingot":206,"minecraft:iron_pickaxe":7,"minecraft:gold_ingot":18,"minecraft:raw_iron":117,"minecraft:stone_shovel":1,"minecraft:furnace":2,"minecraft:bone_meal":60,"minecraft:oak_trapdoor":16,"minecraft:iron_axe":14,"minecraft:spruce_slab":12,"minecraft:diamond_boots":3,"usefulbackpacks:backpack_medium":1,"minecraft:spruce_boat":1,"minecraft:redstone_block":16,"minecraft:dark_oak_planks":468,"minecraft:cooked_beef":26,"minecraft:crossbow":3,"minecraft:diamond_sword":1,"minecraft:iron_sword":3,"minecraft:bell":6,"minecraft:bucket":1,"minecraft:stone_axe":11,"minecraft:bread":1,"minecraft:air":0,"minecraft:oak_boat":1,"minecraft:iron_leggings":2,"minecraft:white_bed":1,"minecraft:torch":244,"minecraft:lapis_block":27,"minecraft:diamond_chestplate":3},"minecraft:used":{"minecraft:moss_block":2,"minecraft:spruce_slab":17,"minecraft:chest":6,"minecraft:shield":94,"minecraft:rotten_flesh":8,"minecraft:iron_chestplate":1,"minecraft:carrot":38,"minecraft:tuff":2,"minecraft:axolotl_bucket":2,"minecraft:snowball":1,"minecraft:spruce_boat":1,"minecraft:iron_helmet":1,"minecraft:stone_brick_stairs":1,"minecraft:stone_bricks":1,"minecraft:bow":24,"minecraft:furnace":7,"minecraft:egg":4,"minecraft:potato":115,"minecraft:dark_oak_sapling":4,"minecraft:diorite":7,"minecraft:leather_leggings":2,"minecraft:stone_pickaxe":103,"minecraft:oak_planks":118,"minecraft:composter":1,"minecraft:sugar_cane":35,"minecraft:diamond_axe":197,"minecraft:glow_berries":5,"minecraft:blast_furnace":1,"waystones:waystone":7,"minecraft:dark_oak_log":1,"minecraft:bread":29,"minecraft:gravel":1,"minecraft:diamond_sword":4,"minecraft:grindstone":4,"minecraft:smithing_table":1,"minecraft:andesite":18,"minecraft:oak_boat":1,"minecraft:bone_meal":60,"minecraft:oak_trapdoor":10,"minecraft:armor_stand":2,"minecraft:stone_shovel":73,"minecraft:spruce_planks":66,"minecraft:stone_hoe":159,"minecraft:cooked_chicken":1,"minecraft:torch":359,"minecraft:dirt":153,"minecraft:granite":19,"minecraft:iron_axe":759,"minecraft:rooted_dirt":4,"tombstone:gift":6,"minecraft:cooked_beef":16,"minecraft:cobbled_deepslate":121,"minecraft:golden_axe":21,"minecraft:iron_leggings":2,"minecraft:cooked_mutton":11,"minecraft:water_bucket":48,"minecraft:amethyst_block":3,"minecraft:baked_potato":49,"minecraft:fletching_table":10,"minecraft:crafting_table":20,"minecraft:white_bed":3,"minecraft:oak_log":1,"tombstone:bag_of_seeds":2,"minecraft:diamond_pickaxe":516,"minecraft:apple":3,"minecraft:iron_pickaxe":596,"minecraft:spruce_sapling":4,"minecraft:stone_axe":254,"minecraft:cobblestone":158,"minecraft:cooked_porkchop":14,"minecraft:bucket":51,"minecraft:diamond_leggings":1},"minecraft:broken":{"minecraft:stone_axe":1,"minecraft:stone_shovel":1,"minecraft:stone_hoe":1,"minecraft:shield":2,"minecraft:golden_axe":1,"minecraft:iron_axe":3,"minecraft:iron_pickaxe":1,"minecraft:iron_helmet":2}},"DataVersion":3465}