{"stats":{"minecraft:custom":{"lootr:looted_stat":78,"minecraft:interact_with_crafting_table":121,"minecraft:bell_ring":1,"minecraft:leave_game":23,"minecraft:time_since_death":130316,"minecraft:damage_resisted":265,"minecraft:sprint_one_cm":1577343,"minecraft:damage_blocked_by_shield":1275,"minecraft:drop":71,"minecraft:talked_to_villager":11,"minecraft:play_time":885553,"minecraft:deaths":27,"minecraft:jump":18735,"minecraft:walk_on_water_one_cm":54673,"minecraft:enchant_item":1,"minecraft:interact_with_furnace":130,"twilightforest:uncrafting_table_interactions":1,"minecraft:sleep_in_bed":21,"minecraft:waystone_activated":14,"tombstone:sneak_grave":7,"minecraft:damage_dealt":42820,"minecraft:crouch_one_cm":60459,"tombstone:undead_killed":135,"minecraft:interact_with_smoker":15,"minecraft:mob_kills":234,"minecraft:interact_with_campfire":22,"minecraft:climb_one_cm":516,"minecraft:walk_one_cm":2725683,"minecraft:sneak_time":18851,"minecraft:walk_under_water_one_cm":42602,"minecraft:interact_with_blast_furnace":23,"minecraft:total_world_time":885553,"tombstone:raider_killed":11,"minecraft:interact_with_stonecutter":15,"minecraft:time_since_rest":25066,"minecraft:damage_taken":16731,"minecraft:swim_one_cm":90042,"minecraft:fly_one_cm":3113798,"minecraft:open_chest":29,"minecraft:fall_one_cm":512834},"minecraft:picked_up":{"minecraft:stone_slab":2,"minecraft:potion":1,"minecraft:stone_brick_stairs":4,"tombstone:grave_key":1,"minecraft:brewing_stand":1,"minecraft:string":183,"minecraft:cobbled_deepslate":233,"minecraft:redstone_torch":1,"minecraft:rose_bush":16,"minecraft:azalea":2,"minecraft:iron_pickaxe":2,"minecraft:furnace":2,"minecraft:stick":21,"minecraft:big_dripleaf":3,"minecraft:oak_fence":3,"minecraft:torch":17,"minecraft:porkchop":23,"tombstone:grave_dust":18,"minecraft:pointed_dripstone":10,"minecraft:diorite":3,"minecraft:rotten_flesh":74,"artifacts:panic_necklace":1,"minecraft:obsidian":8,"minecraft:cobblestone":455,"minecraft:cooked_beef":5,"minecraft:feather":7,"minecraft:lilac":12,"minecraft:andesite":364,"minecraft:potato":7,"minecraft:tuff":5,"minecraft:dirt":309,"minecraft:lapis_lazuli":186,"minecraft:bone":22,"minecraft:chipped_anvil":1,"minecraft:bow":4,"minecraft:wheat_seeds":11,"minecraft:raw_gold":30,"minecraft:moss_block":4,"minecraft:oak_planks":3,"minecraft:cooked_porkchop":3,"minecraft:dead_bush":14,"minecraft:lily_of_the_valley":7,"minecraft:bundle":3,"minecraft:diamond":8,"waystones:waystone":5,"minecraft:granite":3,"minecraft:rooted_dirt":1,"minecraft:oak_sapling":58,"minecraft:light_gray_carpet":3,"minecraft:oak_leaves":26,"minecraft:diamond_pickaxe":1,"minecraft:crafting_table":13,"minecraft:azure_bluet":4,"minecraft:chicken":9,"minecraft:clay_ball":136,"minecraft:cornflower":4,"minecraft:moss_carpet":7,"minecraft:white_carpet":11,"minecraft:beef":45,"minecraft:poppy":5,"minecraft:sugar_cane":17,"minecraft:birch_sapling":1,"minecraft:egg":9,"minecraft:raw_iron":199,"minecraft:stone":51,"minecraft:carrot":2,"minecraft:redstone":93,"minecraft:arrow":89,"minecraft:peony":8,"minecraft:hay_block":11,"mowziesmobs:ice_crystal":1,"tombstone:essence_of_undeath":1,"minecraft:mutton":5,"minecraft:white_wool":19,"minecraft:rail":1,"minecraft:glow_ink_sac":2,"minecraft:leather":47,"minecraft:fern":30,"minecraft:oak_log":71,"minecraft:yellow_bed":6,"minecraft:gunpowder":3,"minecraft:paper":12,"minecraft:cooked_mutton":26,"minecraft:stone_bricks":4,"minecraft:apple":5,"minecraft:rabbit_hide":1,"artifacts:whoopee_cushion":1,"minecraft:iron_ingot":2,"minecraft:cooked_chicken":5,"tombstone:bag_of_seeds":2,"minecraft:glass_bottle":1,"minecraft:iron_sword":1,"minecraft:flowering_azalea":1,"minecraft:book":1,"minecraft:sweet_berries":76,"minecraft:stone_brick_slab":8,"minecraft:dandelion":9,"minecraft:dripstone_block":2,"minecraft:gravel":3,"minecraft:amethyst_shard":16,"cataclysm:remnant_skull":1,"minecraft:spruce_sapling":1,"minecraft:spruce_log":9,"minecraft:crying_obsidian":5,"minecraft:spider_eye":10,"minecraft:pumpkin_seeds":5,"minecraft:diamond_axe":2,"minecraft:damaged_anvil":1,"minecraft:baked_potato":9,"tombstone:magic_scroll":1,"minecraft:coal":87},"minecraft:dropped":{"minecraft:cooked_beef":3,"minecraft:glass_bottle":1,"minecraft:emerald":5,"minecraft:dirt":1,"minecraft:iron_pickaxe":1,"minecraft:white_wool":1,"minecraft:bone":4,"minecraft:stone_axe":1,"minecraft:rotten_flesh":8,"artifacts:villager_hat":1,"minecraft:oak_planks":11,"minecraft:cooked_mutton":4,"minecraft:arrow":67,"minecraft:egg":1,"minecraft:bread":11,"minecraft:wheat_seeds":5,"minecraft:feather":2,"minecraft:golden_axe":1,"minecraft:iron_helmet":1,"minecraft:cobblestone":63,"artifacts:whoopee_cushion":1,"minecraft:granite":1,"minecraft:coal":18,"minecraft:stick":27,"minecraft:torch":7,"tombstone:grave_key":1,"artifacts:plastic_drinking_hat":1,"minecraft:map":1,"minecraft:string":190,"minecraft:stone_brick_slab":6,"minecraft:sweet_berries":5,"minecraft:bowl":1,"minecraft:iron_boots":1,"minecraft:pumpkin_seeds":5,"minecraft:potato":6,"minecraft:shield":1,"minecraft:bundle":2,"minecraft:iron_chestplate":1,"minecraft:diamond_pickaxe":3,"minecraft:oak_sapling":4,"artifacts:onion_ring":1,"minecraft:spider_eye":1,"tombstone:essence_of_undeath":1,"minecraft:bow":1,"minecraft:wooden_pickaxe":1},"minecraft:killed_by":{"minecraft:creeper":5,"minecraft:cave_spider":2,"minecraft:witch":1,"minecraft:zombie":3,"minecraft:spider":1,"minecraft:skeleton":10,"minecraft:phantom":1},"minecraft:mined":{"minecraft:large_amethyst_bud":2,"minecraft:brewing_stand":1,"minecraft:obsidian":8,"minecraft:granite":3,"minecraft:grass_block":232,"minecraft:oxeye_daisy":2,"minecraft:spawner":6,"minecraft:iron_ore":178,"minecraft:cobbled_deepslate":6,"minecraft:fire":1,"minecraft:moss_carpet":1,"minecraft:deepslate_lapis_ore":9,"minecraft:azure_bluet":4,"minecraft:pointed_dripstone":4,"minecraft:deepslate_redstone_ore":10,"minecraft:amethyst_cluster":4,"minecraft:clay":34,"minecraft:torch":6,"minecraft:poppy":5,"minecraft:dead_bush":14,"minecraft:cobblestone":6,"minecraft:oak_planks":2,"minecraft:damaged_anvil":1,"minecraft:wall_torch":5,"minecraft:lilac":2,"minecraft:stone_brick_stairs":3,"minecraft:grass":87,"minecraft:oak_log":71,"minecraft:dirt":80,"minecraft:oak_leaves":26,"minecraft:deepslate":258,"minecraft:infested_deepslate":1,"minecraft:crying_obsidian":5,"minecraft:tuff":3,"minecraft:deepslate_diamond_ore":4,"minecraft:spruce_leaves":18,"minecraft:moss_block":2,"minecraft:large_fern":12,"minecraft:hay_block":11,"minecraft:spore_blossom":1,"minecraft:redstone_ore":11,"minecraft:furnace":2,"minecraft:andesite":253,"minecraft:peony":8,"minecraft:potatoes":2,"minecraft:deepslate_iron_ore":22,"minecraft:stone":426,"minecraft:light_gray_carpet":1,"minecraft:lily_of_the_valley":7,"minecraft:stone_brick_slab":2,"minecraft:dandelion":9,"minecraft:crafting_table":14,"minecraft:cornflower":4,"minecraft:rose_bush":14,"minecraft:stone_slab":2,"minecraft:tall_grass":17,"minecraft:lapis_ore":21,"minecraft:deepslate_gold_ore":3,"minecraft:diorite":3,"minecraft:sweet_berry_bush":2,"minecraft:spruce_log":9,"minecraft:yellow_bed":5,"minecraft:coal_ore":70,"minecraft:gravel":1,"minecraft:dripstone_block":2,"minecraft:cobweb":124,"minecraft:stone_bricks":4,"minecraft:chipped_anvil":1,"minecraft:gold_ore":27,"minecraft:fern":10},"minecraft:killed":{"minecraft:cave_spider":14,"minecraft:witch":1,"minecraft:spider":10,"mowziesmobs:frostmaw":1,"minecraft:skeleton":30,"minecraft:chicken":8,"cataclysm:modern_remnant":1,"artifacts:mimic":1,"minecraft:pig":13,"minecraft:creeper":5,"minecraft:sheep":5,"minecraft:pillager":9,"minecraft:zombie":103,"minecraft:donkey":1,"minecraft:cow":26,"minecraft:drowned":1,"minecraft:bat":1,"minecraft:enderman":2},"minecraft:crafted":{"minecraft:brick":120,"minecraft:oak_planks":236,"minecraft:cooked_chicken":7,"usefulbackpacks:backpack_small":1,"minecraft:stone":163,"minecraft:bookshelf":11,"minecraft:stone_brick_slab":82,"minecraft:iron_boots":2,"minecraft:bricks":28,"minecraft:stone_bricks":109,"minecraft:oak_fence":48,"enchantinginfuser:enchanting_infuser":1,"minecraft:crafting_table":6,"minecraft:spruce_planks":44,"minecraft:wooden_pickaxe":1,"minecraft:baked_potato":33,"minecraft:iron_helmet":2,"minecraft:stone_brick_stairs":10,"minecraft:spruce_trapdoor":8,"minecraft:book":23,"minecraft:iron_chestplate":1,"minecraft:paper":15,"minecraft:diamond_pickaxe":1,"minecraft:shield":2,"minecraft:stone_slab":18,"minecraft:stick":88,"usefulbackpacks:backpack_large":1,"minecraft:iron_ingot":112,"minecraft:iron_pickaxe":1,"minecraft:stone_sword":1,"tombstone:fishing_rod_of_misadventure":1,"minecraft:shears":1,"minecraft:stone_shovel":3,"minecraft:furnace":2,"minecraft:bone_meal":18,"minecraft:stone_pickaxe":7,"usefulbackpacks:backpack_medium":1,"minecraft:brick_slab":54,"minecraft:cooked_beef":51,"minecraft:enchanting_table":1,"minecraft:iron_sword":4,"minecraft:bucket":1,"minecraft:stone_axe":1,"minecraft:bread":3,"minecraft:air":0,"minecraft:iron_leggings":2,"minecraft:stonecutter":2,"minecraft:torch":68},"minecraft:used":{"minecraft:peony":8,"minecraft:poppy":5,"minecraft:shield":19,"minecraft:stone":2,"minecraft:iron_sword":882,"minecraft:lily_of_the_valley":7,"minecraft:brick_slab":52,"minecraft:carrot":3,"minecraft:axolotl_bucket":5,"minecraft:azure_bluet":4,"minecraft:grass_block":1,"minecraft:stone_brick_stairs":45,"minecraft:stone_bricks":89,"minecraft:sweet_berries":57,"minecraft:furnace":3,"cataclysm:coral_spear":15,"minecraft:egg":8,"minecraft:potato":4,"minecraft:diorite":3,"minecraft:stone_pickaxe":913,"minecraft:oak_planks":14,"twilightforest:uncrafting_table":1,"minecraft:wooden_pickaxe":23,"minecraft:diamond_axe":2,"minecraft:calibrated_sculk_sensor":1,"minecraft:oak_leaves":8,"minecraft:white_wool":1,"minecraft:mushroom_stew":1,"minecraft:dripstone_block":2,"minecraft:shears":49,"waystones:waystone":5,"minecraft:crying_obsidian":2,"minecraft:bread":45,"minecraft:gravel":3,"minecraft:lilac":12,"minecraft:andesite":292,"minecraft:bone_meal":14,"minecraft:golden_pickaxe":32,"minecraft:oak_fence":51,"minecraft:rose_bush":16,"minecraft:stone_sword":116,"minecraft:flint_and_steel":9,"minecraft:stone_shovel":342,"minecraft:light_gray_carpet":3,"minecraft:cooked_chicken":7,"minecraft:torch":161,"minecraft:dirt":268,"minecraft:white_carpet":11,"minecraft:granite":1,"minecraft:fern":13,"minecraft:stone_brick_slab":82,"minecraft:bookshelf":11,"minecraft:rooted_dirt":1,"minecraft:goat_horn":5,"minecraft:cooked_beef":53,"minecraft:cobbled_deepslate":76,"cataclysm:remnant_skull":1,"minecraft:pointed_dripstone":3,"minecraft:cooked_mutton":22,"minecraft:water_bucket":5,"minecraft:baked_potato":37,"minecraft:stonecutter":2,"minecraft:rail":1,"minecraft:crafting_table":19,"minecraft:red_bed":1,"minecraft:oak_log":4,"minecraft:diamond_pickaxe":13,"minecraft:cornflower":4,"minecraft:apple":12,"minecraft:command_block":1,"minecraft:iron_pickaxe":395,"minecraft:stone_slab":2,"minecraft:spruce_trapdoor":8,"minecraft:stone_axe":95,"enchantinginfuser:enchanting_infuser":1,"minecraft:cobblestone":151,"minecraft:bucket":11,"minecraft:pumpkin_pie":13,"minecraft:yellow_bed":6,"minecraft:dandelion":9},"minecraft:broken":{"minecraft:iron_boots":1,"minecraft:iron_chestplate":1,"minecraft:iron_leggings":1,"minecraft:stone_pickaxe":7,"minecraft:iron_sword":4,"minecraft:stone_shovel":2,"minecraft:stone_sword":1,"minecraft:iron_pickaxe":1,"minecraft:iron_helmet":1,"minecraft:golden_pickaxe":1}},"DataVersion":3465}