{"stats":{"minecraft:killed_by":{"minecraft:creeper":2,"minecraft:spider":1,"minecraft:cave_spider":1,"minecraft:skeleton":8,"minecraft:phantom":1,"minecraft:zombie":2},"minecraft:broken":{"minecraft:stone_sword":1,"minecraft:stone_pickaxe":5,"minecraft:iron_sword":1,"minecraft:stone_shovel":2},"minecraft:picked_up":{"minecraft:crafting_table":8,"minecraft:chicken":2,"minecraft:stone_slab":2,"minecraft:stone_brick_stairs":4,"tombstone:grave_key":1,"minecraft:string":43,"minecraft:cobbled_deepslate":26,"minecraft:beef":33,"minecraft:furnace":1,"minecraft:egg":3,"minecraft:stick":13,"minecraft:raw_iron":141,"minecraft:stone":51,"minecraft:porkchop":6,"minecraft:pointed_dripstone":6,"tombstone:grave_dust":6,"minecraft:carrot":1,"minecraft:redstone":21,"minecraft:arrow":11,"minecraft:rotten_flesh":19,"minecraft:hay_block":11,"mowziesmobs:ice_crystal":1,"minecraft:white_wool":15,"minecraft:cobblestone":275,"minecraft:feather":3,"minecraft:glow_ink_sac":2,"minecraft:andesite":351,"minecraft:leather":13,"minecraft:oak_log":42,"minecraft:yellow_bed":6,"minecraft:lapis_lazuli":67,"minecraft:dirt":295,"minecraft:cooked_mutton":4,"minecraft:bone":8,"minecraft:apple":2,"minecraft:stone_bricks":4,"minecraft:bow":2,"minecraft:wheat_seeds":10,"minecraft:raw_gold":16,"minecraft:rabbit_hide":1,"minecraft:iron_ingot":1,"minecraft:iron_sword":1,"minecraft:oak_planks":3,"minecraft:sweet_berries":5,"minecraft:stone_brick_slab":8,"minecraft:dripstone_block":1,"minecraft:gravel":2,"minecraft:amethyst_shard":16,"minecraft:spruce_sapling":1,"cataclysm:remnant_skull":1,"minecraft:spruce_log":9,"minecraft:spider_eye":1,"minecraft:bundle":2,"minecraft:pumpkin_seeds":5,"minecraft:diamond":2,"waystones:waystone":3,"minecraft:oak_sapling":36,"minecraft:coal":47},"minecraft:killed":{"minecraft:spider":4,"mowziesmobs:frostmaw":1,"minecraft:skeleton":10,"minecraft:chicken":2,"cataclysm:modern_remnant":1,"minecraft:pig":3,"minecraft:creeper":1,"minecraft:zombie":35,"minecraft:donkey":1,"minecraft:cow":16},"minecraft:dropped":{"minecraft:wheat_seeds":5,"minecraft:granite":1,"minecraft:dirt":1,"tombstone:grave_key":1,"minecraft:map":1,"minecraft:string":20,"minecraft:white_wool":1,"minecraft:stone_brick_slab":6,"minecraft:bone":4,"minecraft:sweet_berries":5,"minecraft:oak_planks":1,"minecraft:cooked_mutton":4,"minecraft:pumpkin_seeds":5,"minecraft:potato":6,"minecraft:bundle":1,"minecraft:oak_sapling":4,"minecraft:spider_eye":1,"minecraft:wooden_pickaxe":1,"minecraft:egg":1},"minecraft:custom":{"lootr:looted_stat":11,"minecraft:mob_kills":75,"minecraft:interact_with_crafting_table":59,"minecraft:bell_ring":1,"minecraft:leave_game":11,"minecraft:time_since_death":49307,"minecraft:damage_resisted":234,"minecraft:sprint_one_cm":447594,"minecraft:walk_one_cm":1078128,"minecraft:damage_blocked_by_shield":675,"minecraft:drop":31,"minecraft:talked_to_villager":1,"minecraft:play_time":352850,"minecraft:deaths":18,"minecraft:sneak_time":8373,"minecraft:walk_under_water_one_cm":3722,"minecraft:jump":6968,"minecraft:interact_with_blast_furnace":5,"minecraft:walk_on_water_one_cm":10649,"minecraft:total_world_time":352850,"minecraft:interact_with_furnace":73,"twilightforest:uncrafting_table_interactions":1,"minecraft:interact_with_stonecutter":14,"minecraft:sleep_in_bed":15,"minecraft:time_since_rest":16899,"minecraft:waystone_activated":8,"minecraft:damage_taken":6762,"tombstone:sneak_grave":7,"minecraft:damage_dealt":15275,"minecraft:swim_one_cm":34318,"minecraft:fly_one_cm":1032329,"minecraft:open_chest":3,"minecraft:crouch_one_cm":25110,"tombstone:undead_killed":46,"minecraft:interact_with_smoker":4,"minecraft:fall_one_cm":164146},"minecraft:mined":{"minecraft:large_amethyst_bud":2,"minecraft:deepslate_diamond_ore":2,"minecraft:grass_block":231,"minecraft:spawner":2,"minecraft:hay_block":11,"minecraft:redstone_ore":5,"minecraft:furnace":1,"minecraft:iron_ore":134,"minecraft:andesite":240,"minecraft:deepslate_lapis_ore":3,"minecraft:pointed_dripstone":3,"minecraft:deepslate_iron_ore":9,"minecraft:stone":256,"minecraft:amethyst_cluster":4,"minecraft:stone_brick_slab":2,"minecraft:crafting_table":8,"minecraft:stone_slab":2,"minecraft:tall_grass":6,"minecraft:cobblestone":5,"minecraft:lapis_ore":8,"minecraft:oak_planks":2,"minecraft:spruce_log":9,"minecraft:stone_brick_stairs":3,"minecraft:yellow_bed":5,"minecraft:grass":44,"minecraft:oak_log":42,"minecraft:coal_ore":48,"minecraft:gravel":1,"minecraft:dripstone_block":2,"minecraft:dirt":70,"minecraft:cobweb":39,"minecraft:stone_bricks":4,"minecraft:gold_ore":16,"minecraft:deepslate":26},"minecraft:crafted":{"minecraft:oak_planks":48,"minecraft:stone_shovel":3,"usefulbackpacks:backpack_small":1,"minecraft:furnace":1,"minecraft:stone":163,"minecraft:stone_brick_slab":82,"minecraft:iron_boots":1,"minecraft:stone_pickaxe":6,"usefulbackpacks:backpack_medium":1,"minecraft:stone_bricks":109,"minecraft:cooked_beef":44,"minecraft:crafting_table":2,"minecraft:wooden_pickaxe":1,"minecraft:iron_helmet":1,"minecraft:iron_sword":1,"minecraft:stone_axe":1,"minecraft:air":0,"minecraft:stone_brick_stairs":10,"minecraft:iron_chestplate":1,"minecraft:shield":1,"minecraft:stone_slab":18,"minecraft:stick":20,"minecraft:iron_ingot":112,"usefulbackpacks:backpack_large":1,"minecraft:iron_pickaxe":1,"minecraft:stone_sword":1,"minecraft:stonecutter":2,"minecraft:iron_leggings":1,"minecraft:torch":4,"minecraft:shears":1},"minecraft:used":{"minecraft:stone_sword":116,"minecraft:stone_shovel":263,"minecraft:shield":9,"minecraft:stone":2,"minecraft:iron_sword":226,"minecraft:torch":13,"minecraft:dirt":101,"minecraft:stone_brick_slab":82,"minecraft:grass_block":1,"minecraft:stone_brick_stairs":45,"minecraft:stone_bricks":89,"minecraft:furnace":2,"cataclysm:coral_spear":15,"minecraft:egg":2,"minecraft:cooked_beef":24,"minecraft:cobbled_deepslate":19,"cataclysm:remnant_skull":1,"minecraft:stone_pickaxe":730,"minecraft:oak_planks":14,"twilightforest:uncrafting_table":1,"minecraft:wooden_pickaxe":23,"minecraft:stonecutter":2,"minecraft:calibrated_sculk_sensor":1,"minecraft:crafting_table":9,"minecraft:red_bed":1,"minecraft:dripstone_block":1,"waystones:waystone":3,"minecraft:apple":6,"minecraft:crying_obsidian":2,"minecraft:command_block":1,"minecraft:bread":19,"minecraft:iron_pickaxe":32,"minecraft:stone_slab":2,"minecraft:gravel":2,"minecraft:stone_axe":53,"minecraft:cobblestone":99,"minecraft:andesite":228,"minecraft:yellow_bed":6}},"DataVersion":3465}