{"stats":{"minecraft:killed_by":{"minecraft:spider":1,"minecraft:phantom":1},"minecraft:custom":{"minecraft:time_since_rest":4035,"minecraft:open_chest":2,"minecraft:waystone_activated":1,"minecraft:damage_taken":1054,"twilightforest:uncrafting_table_interactions":1,"minecraft:crouch_one_cm":534,"minecraft:sprint_one_cm":73149,"minecraft:play_time":74526,"minecraft:deaths":4,"tombstone:undead_killed":1,"minecraft:walk_one_cm":111639,"minecraft:sneak_time":749,"tombstone:sneak_grave":7,"minecraft:mob_kills":2,"minecraft:jump":860,"minecraft:damage_dealt":720,"minecraft:leave_game":5,"minecraft:time_since_death":37786,"minecraft:sleep_in_bed":1,"minecraft:total_world_time":74526,"minecraft:damage_resisted":226,"minecraft:fall_one_cm":10189,"minecraft:fly_one_cm":313611},"minecraft:killed":{"minecraft:pig":1,"cataclysm:modern_remnant":1},"minecraft:picked_up":{"minecraft:porkchop":2,"cataclysm:remnant_skull":1,"minecraft:dirt":9},"minecraft:used":{"minecraft:dirt":9,"minecraft:crying_obsidian":2,"minecraft:command_block":1,"minecraft:red_bed":1,"minecraft:grass_block":1,"cataclysm:coral_spear":15,"twilightforest:uncrafting_table":1,"minecraft:cooked_beef":6,"cataclysm:remnant_skull":1,"minecraft:calibrated_sculk_sensor":1},"minecraft:mined":{"minecraft:grass":7,"minecraft:grass_block":9,"minecraft:dirt":1}},"DataVersion":3465}