{"stats":{"minecraft:killed_by":{"minecraft:skeleton":7,"minecraft:spider":1,"minecraft:phantom":1,"minecraft:zombie":1},"minecraft:custom":{"minecraft:interact_with_furnace":6,"lootr:looted_stat":3,"twilightforest:uncrafting_table_interactions":1,"minecraft:mob_kills":25,"minecraft:interact_with_crafting_table":10,"minecraft:bell_ring":1,"minecraft:leave_game":6,"minecraft:time_since_death":6151,"minecraft:sleep_in_bed":5,"minecraft:damage_resisted":230,"minecraft:time_since_rest":4356,"minecraft:waystone_activated":3,"minecraft:sprint_one_cm":148390,"minecraft:damage_taken":3733,"minecraft:walk_one_cm":383418,"tombstone:sneak_grave":7,"minecraft:drop":2,"minecraft:damage_dealt":4743,"minecraft:swim_one_cm":23786,"minecraft:talked_to_villager":1,"minecraft:fly_one_cm":469481,"minecraft:open_chest":3,"minecraft:crouch_one_cm":951,"minecraft:play_time":138246,"tombstone:undead_killed":16,"minecraft:deaths":12,"minecraft:sneak_time":927,"minecraft:walk_under_water_one_cm":3108,"minecraft:jump":2532,"minecraft:walk_on_water_one_cm":5102,"minecraft:total_world_time":138246,"minecraft:fall_one_cm":48681},"minecraft:killed":{"minecraft:pig":1,"minecraft:skeleton":5,"minecraft:zombie":10,"cataclysm:modern_remnant":1,"minecraft:cow":7},"minecraft:crafted":{"minecraft:oak_planks":24,"minecraft:crafting_table":2,"minecraft:wooden_pickaxe":1,"minecraft:furnace":1,"minecraft:air":0,"minecraft:shield":1,"minecraft:stick":8,"minecraft:iron_ingot":23,"minecraft:iron_pickaxe":1,"minecraft:stone_pickaxe":1,"minecraft:stone_sword":1,"minecraft:torch":4,"minecraft:shears":1},"minecraft:dropped":{"minecraft:wheat_seeds":1,"tombstone:grave_key":1},"minecraft:mined":{"minecraft:crafting_table":2,"minecraft:grass_block":9,"minecraft:spawner":1,"minecraft:hay_block":11,"minecraft:iron_ore":23,"minecraft:yellow_bed":2,"minecraft:grass":15,"minecraft:oak_log":6,"minecraft:pointed_dripstone":3,"minecraft:coal_ore":33,"minecraft:dripstone_block":1,"minecraft:dirt":1,"minecraft:stone":62},"minecraft:used":{"minecraft:stone_sword":47,"minecraft:stone_pickaxe":105,"twilightforest:uncrafting_table":1,"minecraft:wooden_pickaxe":23,"minecraft:iron_sword":38,"minecraft:calibrated_sculk_sensor":1,"minecraft:torch":1,"minecraft:dirt":9,"minecraft:crafting_table":4,"minecraft:red_bed":1,"minecraft:dripstone_block":1,"waystones:waystone":1,"minecraft:crying_obsidian":2,"minecraft:command_block":1,"minecraft:grass_block":1,"minecraft:bread":11,"minecraft:cobblestone":2,"minecraft:furnace":1,"cataclysm:coral_spear":15,"minecraft:yellow_bed":3,"minecraft:egg":1,"minecraft:cooked_beef":6,"cataclysm:remnant_skull":1},"minecraft:picked_up":{"minecraft:crafting_table":2,"minecraft:leather":7,"tombstone:grave_key":1,"minecraft:oak_log":6,"minecraft:yellow_bed":3,"minecraft:dirt":9,"minecraft:bone":4,"minecraft:apple":1,"minecraft:bow":1,"minecraft:wheat_seeds":2,"minecraft:beef":13,"minecraft:iron_sword":1,"minecraft:egg":1,"minecraft:raw_iron":23,"minecraft:dripstone_block":1,"minecraft:porkchop":2,"tombstone:grave_dust":3,"cataclysm:remnant_skull":1,"minecraft:pointed_dripstone":6,"minecraft:arrow":6,"minecraft:rotten_flesh":4,"waystones:waystone":1,"minecraft:hay_block":11,"minecraft:oak_sapling":4,"minecraft:coal":33,"minecraft:white_wool":15,"minecraft:cobblestone":77}},"DataVersion":3465}