{"stats":{"minecraft:custom":{"minecraft:jump":82,"minecraft:time_since_rest":11188,"minecraft:waystone_activated":1,"minecraft:leave_game":1,"minecraft:sprint_one_cm":10891,"minecraft:play_time":11188,"minecraft:damage_taken":72,"minecraft:time_since_death":11188,"minecraft:walk_one_cm":27684,"minecraft:sneak_time":4,"minecraft:total_world_time":11188,"minecraft:damage_resisted":18,"minecraft:fall_one_cm":795,"minecraft:fly_one_cm":32533},"minecraft:picked_up":{"minecraft:dirt":6},"minecraft:mined":{"minecraft:grass_block":5,"minecraft:dirt":1},"minecraft:used":{"minecraft:dirt":6}},"DataVersion":3465}