{"stats":{"minecraft:custom":{"lootr:looted_stat":4,"minecraft:mob_kills":82,"minecraft:interact_with_crafting_table":96,"minecraft:leave_game":3,"minecraft:time_since_death":42124,"minecraft:climb_one_cm":8895,"minecraft:damage_resisted":12,"minecraft:sprint_one_cm":598785,"minecraft:walk_one_cm":1095241,"minecraft:damage_blocked_by_shield":2355,"minecraft:drop":3,"minecraft:play_time":359942,"minecraft:deaths":7,"minecraft:sneak_time":3688,"minecraft:walk_under_water_one_cm":29193,"minecraft:jump":3470,"minecraft:walk_on_water_one_cm":49801,"minecraft:total_world_time":359942,"minecraft:interact_with_furnace":84,"minecraft:interact_with_cartography_table":1,"minecraft:sleep_in_bed":3,"minecraft:time_since_rest":40831,"minecraft:waystone_activated":4,"minecraft:damage_taken":5806,"minecraft:damage_dealt":15043,"minecraft:swim_one_cm":12167,"minecraft:fly_one_cm":470837,"minecraft:open_chest":155,"minecraft:crouch_one_cm":8888,"tombstone:undead_killed":52,"minecraft:fall_one_cm":85235},"minecraft:picked_up":{"minecraft:crafting_table":2,"minecraft:wheat":25,"minecraft:chicken":3,"securitycraft:laser_block":1,"minecraft:string":13,"minecraft:raw_copper":16,"minecraft:cobbled_deepslate":38,"minecraft:spruce_planks":1,"minecraft:beef":9,"minecraft:light_gray_wool":1,"minecraft:sugar_cane":3,"minecraft:birch_sapling":3,"minecraft:egg":3,"minecraft:furnace":1,"minecraft:stick":9,"minecraft:raw_iron":197,"securitycraft:reinforced_cobblestone":1,"minecraft:torch":34,"minecraft:porkchop":2,"tombstone:grave_dust":4,"minecraft:diorite":35,"minecraft:redstone":103,"minecraft:rotten_flesh":35,"minecraft:arrow":11,"artifacts:running_shoes":1,"minecraft:mutton":10,"minecraft:snowball":7,"minecraft:white_wool":6,"minecraft:cobblestone":1463,"minecraft:birch_log":6,"minecraft:feather":4,"minecraft:andesite":480,"minecraft:leather":4,"minecraft:potato":238,"minecraft:flint":5,"securitycraft:reinforced_glass":4,"minecraft:gunpowder":6,"minecraft:cobblestone_stairs":4,"minecraft:lapis_lazuli":30,"minecraft:dirt":377,"minecraft:cooked_mutton":5,"minecraft:bone":10,"minecraft:bow":2,"minecraft:wheat_seeds":89,"minecraft:raw_gold":9,"tombstone:bag_of_seeds":2,"minecraft:pumpkin":4,"minecraft:dandelion":1,"minecraft:poisonous_potato":2,"minecraft:gravel":64,"minecraft:sand":46,"minecraft:spruce_sapling":14,"securitycraft:reinforced_stone":62,"minecraft:grass_block":1,"minecraft:white_bed":1,"minecraft:spruce_log":65,"minecraft:spider_eye":1,"minecraft:spruce_door":1,"minecraft:polished_andesite":18,"minecraft:diamond":1,"minecraft:granite":228,"minecraft:gray_wool":1,"tombstone:magic_scroll":4,"minecraft:coal":268},"minecraft:dropped":{"minecraft:wheat_seeds":1,"minecraft:diamond":1,"minecraft:string":6},"minecraft:killed_by":{"minecraft:creeper":2,"minecraft:skeleton":4,"artifacts:mimic":1},"minecraft:mined":{"minecraft:spruce_planks":1,"minecraft:white_bed":1,"minecraft:farmland":6,"minecraft:cobblestone_stairs":4,"minecraft:granite":228,"minecraft:grass_block":142,"minecraft:spruce_leaves":12,"minecraft:large_fern":2,"minecraft:redstone_ore":5,"minecraft:spruce_sapling":1,"minecraft:furnace":1,"minecraft:iron_ore":183,"minecraft:cobbled_deepslate":1,"minecraft:snow":6,"minecraft:andesite":480,"minecraft:pumpkin":5,"minecraft:potatoes":64,"minecraft:deepslate_iron_ore":17,"minecraft:dirt_path":10,"minecraft:stone":1402,"minecraft:tripwire":1,"minecraft:deepslate_redstone_ore":18,"minecraft:spruce_door":1,"minecraft:dandelion":1,"minecraft:crafting_table":2,"minecraft:torch":11,"minecraft:tall_grass":6,"minecraft:copper_ore":4,"minecraft:cobblestone":44,"minecraft:lapis_ore":5,"minecraft:deepslate_gold_ore":3,"minecraft:sugar_cane":1,"minecraft:diorite":31,"minecraft:wall_torch":6,"minecraft:birch_log":6,"minecraft:wheat":26,"minecraft:spruce_log":66,"minecraft:birch_leaves":2,"minecraft:grass":18,"minecraft:coal_ore":231,"minecraft:gravel":55,"minecraft:sand":48,"minecraft:dirt":200,"minecraft:polished_andesite":18,"minecraft:gold_ore":6,"minecraft:deepslate":38},"minecraft:killed":{"minecraft:spider":3,"minecraft:skeleton":12,"minecraft:chicken":3,"artifacts:mimic":1,"minecraft:pig":1,"minecraft:creeper":6,"minecraft:sheep":8,"minecraft:zombie":40,"minecraft:cow":4,"minecraft:enderman":2},"minecraft:crafted":{"minecraft:cobblestone_slab":126,"minecraft:stone_shovel":4,"minecraft:iron_nugget":27,"minecraft:cooked_chicken":3,"minecraft:furnace":2,"minecraft:cobblestone_stairs":56,"minecraft:stone":62,"minecraft:bone_meal":12,"securitycraft:keypad_item":2,"minecraft:heavy_weighted_pressure_plate":2,"minecraft:cooked_mutton":5,"minecraft:glass_pane":48,"securitycraft:laser_block":2,"minecraft:glass":46,"minecraft:lantern":3,"minecraft:iron_boots":1,"securitycraft:universal_block_remover":1,"minecraft:ladder":18,"minecraft:stone_pickaxe":15,"minecraft:chest":6,"minecraft:redstone_block":2,"minecraft:stone_hoe":2,"minecraft:cooked_beef":9,"minecraft:cooked_porkchop":2,"minecraft:crafting_table":1,"minecraft:spruce_planks":260,"securitycraft:reinforced_stone_button":20,"minecraft:wooden_pickaxe":1,"minecraft:baked_potato":48,"minecraft:iron_helmet":1,"minecraft:iron_sword":1,"minecraft:spruce_door":3,"minecraft:bucket":1,"minecraft:birch_planks":24,"minecraft:stone_axe":1,"minecraft:bread":2,"minecraft:air":0,"minecraft:iron_chestplate":1,"minecraft:shield":1,"minecraft:stick":216,"minecraft:iron_ingot":179,"minecraft:iron_pickaxe":3,"minecraft:stone_sword":2,"minecraft:iron_leggings":1,"minecraft:white_bed":1,"minecraft:torch":508,"minecraft:shears":1,"securitycraft:universal_block_reinforcer_lvl1":1,"minecraft:polished_andesite":348},"minecraft:used":{"minecraft:stone_sword":271,"minecraft:stone_shovel":488,"minecraft:ladder":5,"minecraft:chest":6,"minecraft:spruce_planks":40,"minecraft:shield":44,"minecraft:iron_sword":89,"minecraft:cooked_chicken":3,"minecraft:stone_hoe":155,"minecraft:torch":493,"minecraft:dirt":299,"securitycraft:keypad_item":2,"securitycraft:reinforced_stone":13,"minecraft:snowball":1,"minecraft:lantern":1,"minecraft:birch_sapling":3,"minecraft:bow":5,"minecraft:furnace":3,"securitycraft:laser_block":1,"tombstone:gift":5,"minecraft:egg":2,"minecraft:cooked_beef":9,"minecraft:potato":150,"minecraft:cobbled_deepslate":15,"minecraft:wheat_seeds":88,"minecraft:cooked_mutton":10,"minecraft:water_bucket":39,"minecraft:diorite":2,"minecraft:cobblestone_stairs":58,"minecraft:spruce_door":4,"securitycraft:reinforced_cobblestone":1,"minecraft:stone_pickaxe":1971,"minecraft:polished_andesite":366,"minecraft:baked_potato":45,"minecraft:wooden_pickaxe":4,"minecraft:cobblestone_slab":18,"minecraft:crafting_table":3,"securitycraft:universal_block_remover":1,"minecraft:white_bed":2,"tombstone:bag_of_seeds":4,"minecraft:bread":2,"minecraft:string":1,"minecraft:iron_pickaxe":751,"minecraft:spruce_sapling":11,"minecraft:stone_axe":93,"minecraft:cobblestone":297,"minecraft:cooked_porkchop":2,"minecraft:andesite":5,"minecraft:bucket":40,"minecraft:dandelion":1,"minecraft:bone_meal":12},"minecraft:broken":{"minecraft:stone_sword":2,"minecraft:stone_hoe":1,"minecraft:stone_pickaxe":15,"minecraft:iron_pickaxe":3,"minecraft:stone_shovel":3}},"DataVersion":3465}